,Unnamed: 0,time,lat,lon,spei
33279,187770,1901-01-16,40.25,105.25,0.60783064
99604,446970,1901-02-15,40.25,105.25,0.32838735
165896,706170,1901-03-16,40.25,105.25,0.22099538
232247,965370,1901-04-16,40.25,105.25,0.31112593
298676,1224570,1901-05-16,40.25,105.25,0.1395504
365098,1483770,1901-06-16,40.25,105.25,0.08358316
431503,1742970,1901-07-16,40.25,105.25,0.16371162
497959,2002170,1901-08-16,40.25,105.25,0.1010833
564397,2261370,1901-09-16,40.25,105.25,-0.060934734
630830,2520570,1901-10-16,40.25,105.25,0.31105426
697258,2779770,1901-11-16,40.25,105.25,0.5789297
763661,3038970,1901-12-16,40.25,105.25,1.0692378
829970,3298170,1902-01-16,40.25,105.25,0.60783064
896295,3557370,1902-02-15,40.25,105.25,-0.31788698
962587,3816570,1902-03-16,40.25,105.25,0.28094673
1028938,4075770,1902-04-16,40.25,105.25,0.33288613
1095367,4334970,1902-05-16,40.25,105.25,0.1395504
1161789,4594170,1902-06-16,40.25,105.25,0.08358316
1228211,4853370,1902-07-16,40.25,105.25,0.16371162
1294666,5112570,1902-08-16,40.25,105.25,0.10673819
1361104,5371770,1902-09-16,40.25,105.25,-0.049972296
1427537,5630970,1902-10-16,40.25,105.25,0.31105426
1493965,5890170,1902-11-16,40.25,105.25,0.5789297
1560369,6149370,1902-12-16,40.25,105.25,0.019844448
1626678,6408570,1903-01-16,40.25,105.25,0.60783064
1693003,6667770,1903-02-15,40.25,105.25,0.32838735
1759295,6926970,1903-03-16,40.25,105.25,0.28094673
1825646,7186170,1903-04-16,40.25,105.25,0.31112593
1892075,7445370,1903-05-16,40.25,105.25,0.1395504
1958497,7704570,1903-06-16,40.25,105.25,0.08358316
2024931,7963770,1903-07-16,40.25,105.25,0.16371162
2091385,8222970,1903-08-16,40.25,105.25,0.1010833
2157823,8482170,1903-09-16,40.25,105.25,-0.049972296
2224256,8741370,1903-10-16,40.25,105.25,0.31105426
2290684,9000570,1903-11-16,40.25,105.25,0.5789297
2357088,9259770,1903-12-16,40.25,105.25,0.019844448
2423396,9518970,1904-01-16,40.25,105.25,0.60783064
2489721,9778170,1904-02-15,40.25,105.25,0.32838735
2556013,10037370,1904-03-16,40.25,105.25,0.28094673
2622364,10296570,1904-04-16,40.25,105.25,0.33288613
2688793,10555770,1904-05-16,40.25,105.25,0.1395504
2755213,10814970,1904-06-16,40.25,105.25,0.06784786
2821646,11074170,1904-07-16,40.25,105.25,0.15686606
2888102,11333370,1904-08-16,40.25,105.25,0.1010833
2954538,11592570,1904-09-16,40.25,105.25,-0.049972296
3020970,11851770,1904-10-16,40.25,105.25,0.31105426
3087394,12110970,1904-11-16,40.25,105.25,0.52804136
3153798,12370170,1904-12-16,40.25,105.25,0.019844448
3220107,12629370,1905-01-16,40.25,105.25,0.5050566
3286432,12888570,1905-02-15,40.25,105.25,0.32838735
3352724,13147770,1905-03-16,40.25,105.25,0.28094673
3419075,13406970,1905-04-16,40.25,105.25,0.31112593
3485504,13666170,1905-05-16,40.25,105.25,0.123511344
3551925,13925370,1905-06-16,40.25,105.25,0.08358316
3618356,14184570,1905-07-16,40.25,105.25,0.16371162
3684802,14443770,1905-08-16,40.25,105.25,0.1010833
3751240,14702970,1905-09-16,40.25,105.25,-0.049972296
3817673,14962170,1905-10-16,40.25,105.25,0.31105426
3884100,15221370,1905-11-16,40.25,105.25,0.52804136
3950504,15480570,1905-12-16,40.25,105.25,0.019844448
4016811,15739770,1906-01-16,40.25,105.25,0.5050566
4083136,15998970,1906-02-15,40.25,105.25,0.32838735
4149423,16258170,1906-03-16,40.25,105.25,0.22099538
4215774,16517370,1906-04-16,40.25,105.25,0.28913355
4282203,16776570,1906-05-16,40.25,105.25,0.1395504
4348623,17035770,1906-06-16,40.25,105.25,0.06784786
4415046,17294970,1906-07-16,40.25,105.25,0.15000904
4481500,17554170,1906-08-16,40.25,105.25,0.1010833
4547934,17813370,1906-09-16,40.25,105.25,-0.049972296
4614367,18072570,1906-10-16,40.25,105.25,0.31105426
4680790,18331770,1906-11-16,40.25,105.25,0.52804136
4747194,18590970,1906-12-16,40.25,105.25,0.019844448
4813503,18850170,1907-01-16,40.25,105.25,0.5050566
4879828,19109370,1907-02-15,40.25,105.25,0.32838735
4946120,19368570,1907-03-16,40.25,105.25,0.22099538
5012471,19627770,1907-04-16,40.25,105.25,0.31112593
5078900,19886970,1907-05-16,40.25,105.25,0.1395504
5145321,20146170,1907-06-16,40.25,105.25,0.06784786
5211754,20405370,1907-07-16,40.25,105.25,0.15686606
5278210,20664570,1907-08-16,40.25,105.25,0.1010833
5344648,20923770,1907-09-16,40.25,105.25,-0.060934734
5411081,21182970,1907-10-16,40.25,105.25,0.31105426
5477509,21442170,1907-11-16,40.25,105.25,0.52804136
5543913,21701370,1907-12-16,40.25,105.25,0.019844448
5610222,21960570,1908-01-16,40.25,105.25,0.60783064
5676547,22219770,1908-02-15,40.25,105.25,0.32838735
5742839,22478970,1908-03-16,40.25,105.25,0.22099538
5809190,22738170,1908-04-16,40.25,105.25,0.31112593
5875619,22997370,1908-05-16,40.25,105.25,0.1395504
5942040,23256570,1908-06-16,40.25,105.25,0.06784786
6008473,23515770,1908-07-16,40.25,105.25,0.16371162
6074925,23774970,1908-08-16,40.25,105.25,0.1010833
6141361,24034170,1908-09-16,40.25,105.25,-0.049972296
6207794,24293370,1908-10-16,40.25,105.25,0.31105426
6274222,24552570,1908-11-16,40.25,105.25,0.52804136
6340626,24811770,1908-12-16,40.25,105.25,0.019844448
6406935,25070970,1909-01-16,40.25,105.25,0.5050566
6473260,25330170,1909-02-15,40.25,105.25,-0.31788698
6539552,25589370,1909-03-16,40.25,105.25,0.28094673
6605903,25848570,1909-04-16,40.25,105.25,0.33288613
6672331,26107770,1909-05-16,40.25,105.25,0.1395504
6738753,26366970,1909-06-16,40.25,105.25,0.06784786
6805185,26626170,1909-07-16,40.25,105.25,0.16371162
6871640,26885370,1909-08-16,40.25,105.25,0.1010833
6938078,27144570,1909-09-16,40.25,105.25,-0.049972296
7004511,27403770,1909-10-16,40.25,105.25,0.31105426
7070930,27662970,1909-11-16,40.25,105.25,0.52804136
7137333,27922170,1909-12-16,40.25,105.25,0.019844448
7203642,28181370,1910-01-16,40.25,105.25,0.60783064
7269965,28440570,1910-02-15,40.25,105.25,-0.31788698
7336254,28699770,1910-03-16,40.25,105.25,0.28094673
7402605,28958970,1910-04-16,40.25,105.25,0.31112593
7469034,29218170,1910-05-16,40.25,105.25,0.123511344
7535453,29477370,1910-06-16,40.25,105.25,0.08358316
7601866,29736570,1910-07-16,40.25,105.25,0.15686606
7668321,29995770,1910-08-16,40.25,105.25,0.1010833
7734756,30254970,1910-09-16,40.25,105.25,-0.03905911
7801189,30514170,1910-10-16,40.25,105.25,0.31105426
7867615,30773370,1910-11-16,40.25,105.25,0.5789297
7934019,31032570,1910-12-16,40.25,105.25,1.0692378
8000327,31291770,1911-01-16,40.25,105.25,0.60783064
8066652,31550970,1911-02-15,40.25,105.25,0.32838735
8132930,31810170,1911-03-16,40.25,105.25,0.339314
8199281,32069370,1911-04-16,40.25,105.25,0.35441595
8265709,32328570,1911-05-16,40.25,105.25,0.1395504
8332131,32587770,1911-06-16,40.25,105.25,0.08358316
8398564,32846970,1911-07-16,40.25,105.25,0.16371162
8465020,33106170,1911-08-16,40.25,105.25,0.10673819
8531458,33365370,1911-09-16,40.25,105.25,-0.049972296
8597891,33624570,1911-10-16,40.25,105.25,0.31105426
8664319,33883770,1911-11-16,40.25,105.25,0.5789297
8730717,34142970,1911-12-16,40.25,105.25,1.0692378
8797026,34402170,1912-01-16,40.25,105.25,0.5050566
8863343,34661370,1912-02-15,40.25,105.25,-0.31788698
8929634,34920570,1912-03-16,40.25,105.25,0.28094673
8995985,35179770,1912-04-16,40.25,105.25,0.31112593
9062414,35438970,1912-05-16,40.25,105.25,0.1395504
9128836,35698170,1912-06-16,40.25,105.25,0.06784786
9195264,35957370,1912-07-16,40.25,105.25,0.15686606
9261720,36216570,1912-08-16,40.25,105.25,0.0954188
9328158,36475770,1912-09-16,40.25,105.25,-0.049972296
9394591,36734970,1912-10-16,40.25,105.25,0.31105426
9461019,36994170,1912-11-16,40.25,105.25,0.5789297
9527423,37253370,1912-12-16,40.25,105.25,0.019844448
9593732,37512570,1913-01-16,40.25,105.25,0.60783064
9660057,37771770,1913-02-15,40.25,105.25,0.32838735
9726349,38030970,1913-03-16,40.25,105.25,0.28094673
9792700,38290170,1913-04-16,40.25,105.25,0.31112593
9859129,38549370,1913-05-16,40.25,105.25,0.123511344
9925549,38808570,1913-06-16,40.25,105.25,0.08358316
9991969,39067770,1913-07-16,40.25,105.25,0.15686606
10058422,39326970,1913-08-16,40.25,105.25,0.1010833
10124856,39586170,1913-09-16,40.25,105.25,-0.049972296
10191288,39845370,1913-10-16,40.25,105.25,0.31105426
10257713,40104570,1913-11-16,40.25,105.25,0.52804136
10324117,40363770,1913-12-16,40.25,105.25,0.019844448
10390423,40622970,1914-01-16,40.25,105.25,0.60783064
10456748,40882170,1914-02-15,40.25,105.25,-0.31788698
10523038,41141370,1914-03-16,40.25,105.25,0.28094673
10589389,41400570,1914-04-16,40.25,105.25,0.31112593
10655817,41659770,1914-05-16,40.25,105.25,0.123511344
10722238,41918970,1914-06-16,40.25,105.25,0.06784786
10788659,42178170,1914-07-16,40.25,105.25,0.16371162
10855112,42437370,1914-08-16,40.25,105.25,0.1010833
10921550,42696570,1914-09-16,40.25,105.25,-0.049972296
10987983,42955770,1914-10-16,40.25,105.25,0.31105426
11054411,43214970,1914-11-16,40.25,105.25,0.5789297
11120815,43474170,1914-12-16,40.25,105.25,0.019844448
11187117,43733370,1915-01-16,40.25,105.25,0.60783064
11253438,43992570,1915-02-15,40.25,105.25,0.32838735
11319729,44251770,1915-03-16,40.25,105.25,0.28094673
11386080,44510970,1915-04-16,40.25,105.25,0.33288613
11452509,44770170,1915-05-16,40.25,105.25,0.15546581
11518931,45029370,1915-06-16,40.25,105.25,0.09925844
11585363,45288570,1915-07-16,40.25,105.25,0.16371162
11651805,45547770,1915-08-16,40.25,105.25,0.10673819
11718230,45806970,1915-09-16,40.25,105.25,-0.03905911
11784663,46066170,1915-10-16,40.25,105.25,0.33748114
11851080,46325370,1915-11-16,40.25,105.25,0.5789297
11917482,46584570,1915-12-16,40.25,105.25,0.019844448
11983790,46843770,1916-01-16,40.25,105.25,0.7034109000000001
12050115,47102970,1916-02-15,40.25,105.25,1.0019507
12116407,47362170,1916-03-16,40.25,105.25,0.28094673
12182745,47621370,1916-04-16,40.25,105.25,0.33288613
12249174,47880570,1916-05-16,40.25,105.25,0.1073479
12315531,48139770,1916-06-16,40.25,105.25,0.06784786
12381963,48398970,1916-07-16,40.25,105.25,0.15000904
12448408,48658170,1916-08-16,40.25,105.25,0.0954188
12514844,48917370,1916-09-16,40.25,105.25,-0.060934734
12581277,49176570,1916-10-16,40.25,105.25,0.31105426
12647705,49435770,1916-11-16,40.25,105.25,0.5789297
12714109,49694970,1916-12-16,40.25,105.25,1.0692378
12780415,49954170,1917-01-16,40.25,105.25,0.7034109000000001
12846730,50213370,1917-02-15,40.25,105.25,0.32838735
12913022,50472570,1917-03-16,40.25,105.25,0.28094673
12979372,50731770,1917-04-16,40.25,105.25,0.28913355
13045801,50990970,1917-05-16,40.25,105.25,0.123511344
13112220,51250170,1917-06-16,40.25,105.25,0.05205316
13178640,51509370,1917-07-16,40.25,105.25,0.15000904
13245096,51768570,1917-08-16,40.25,105.25,0.0954188
13311531,52027770,1917-09-16,40.25,105.25,-0.060934734
13377961,52286970,1917-10-16,40.25,105.25,0.31105426
13444368,52546170,1917-11-16,40.25,105.25,0.5789297
13510769,52805370,1917-12-16,40.25,105.25,1.0692378
13577075,53064570,1918-01-16,40.25,105.25,0.7034109000000001
13643399,53323770,1918-02-15,40.25,105.25,1.0019507
13709691,53582970,1918-03-16,40.25,105.25,0.28094673
13776042,53842170,1918-04-16,40.25,105.25,0.35441595
13842471,54101370,1918-05-16,40.25,105.25,0.15546581
13908892,54360570,1918-06-16,40.25,105.25,0.08358316
13975327,54619770,1918-07-16,40.25,105.25,0.16371162
14041783,54878970,1918-08-16,40.25,105.25,0.10673819
14108217,55138170,1918-09-16,40.25,105.25,-0.03905911
14174650,55397370,1918-10-16,40.25,105.25,0.33748114
14241078,55656570,1918-11-16,40.25,105.25,0.62790304
14307482,55915770,1918-12-16,40.25,105.25,1.0692378
14373791,56174970,1919-01-16,40.25,105.25,0.7034109000000001
14440116,56434170,1919-02-15,40.25,105.25,1.0019507
14506400,56693370,1919-03-16,40.25,105.25,0.39612338
14572751,56952570,1919-04-16,40.25,105.25,0.28913355
14639180,57211770,1919-05-16,40.25,105.25,0.1073479
14705599,57470970,1919-06-16,40.25,105.25,0.09925844
14772031,57730170,1919-07-16,40.25,105.25,0.16371162
14838486,57989370,1919-08-16,40.25,105.25,0.0954188
14904924,58248570,1919-09-16,40.25,105.25,-0.049972296
14971357,58507770,1919-10-16,40.25,105.25,0.33748114
15037785,58766970,1919-11-16,40.25,105.25,0.62790304
15104189,59026170,1919-12-16,40.25,105.25,1.0692378
15170498,59285370,1920-01-16,40.25,105.25,0.60783064
15236823,59544570,1920-02-15,40.25,105.25,1.0019507
15303115,59803770,1920-03-16,40.25,105.25,0.28094673
15369465,60062970,1920-04-16,40.25,105.25,0.31112593
15435894,60322170,1920-05-16,40.25,105.25,0.1395504
15502315,60581370,1920-06-16,40.25,105.25,0.08358316
15568750,60840570,1920-07-16,40.25,105.25,0.15000904
15635206,61099770,1920-08-16,40.25,105.25,0.08406106
15701644,61358970,1920-09-16,40.25,105.25,-0.07194652
15768077,61618170,1920-10-16,40.25,105.25,0.28434354
15834505,61877370,1920-11-16,40.25,105.25,0.52804136
15900909,62136570,1920-12-16,40.25,105.25,1.0692378
15967218,62395770,1921-01-16,40.25,105.25,0.60783064
16033543,62654970,1921-02-15,40.25,105.25,0.32838735
16099835,62914170,1921-03-16,40.25,105.25,0.22099538
16166182,63173370,1921-04-16,40.25,105.25,0.31112593
16232609,63432570,1921-05-16,40.25,105.25,0.1073479
16299031,63691770,1921-06-16,40.25,105.25,0.08358316
16365465,63950970,1921-07-16,40.25,105.25,0.14314061
16431921,64210170,1921-08-16,40.25,105.25,0.1010833
16498357,64469370,1921-09-16,40.25,105.25,-0.07194652
16564790,64728570,1921-10-16,40.25,105.25,0.28434354
16631202,64987770,1921-11-16,40.25,105.25,0.5789297
16697606,65246970,1921-12-16,40.25,105.25,1.0692378
16763915,65506170,1922-01-16,40.25,105.25,0.60783064
16830239,65765370,1922-02-15,40.25,105.25,0.32838735
16896518,66024570,1922-03-16,40.25,105.25,0.28094673
16962869,66283770,1922-04-16,40.25,105.25,0.26690713
17029298,66542970,1922-05-16,40.25,105.25,0.1395504
17095705,66802170,1922-06-16,40.25,105.25,0.0043192543
17162134,67061370,1922-07-16,40.25,105.25,0.15000904
17228587,67320570,1922-08-16,40.25,105.25,0.08974471
17295024,67579770,1922-09-16,40.25,105.25,-0.07194652
17361457,67838970,1922-10-16,40.25,105.25,0.25734848
17427885,68098170,1922-11-16,40.25,105.25,0.47512898
17494289,68357370,1922-12-16,40.25,105.25,0.019844448
17560594,68616570,1923-01-16,40.25,105.25,0.60783064
17626919,68875770,1923-02-15,40.25,105.25,0.32838735
17693210,69134970,1923-03-16,40.25,105.25,0.09625682
17759560,69394170,1923-04-16,40.25,105.25,0.31112593
17825989,69653370,1923-05-16,40.25,105.25,0.123511344
17892399,69912570,1923-06-16,40.25,105.25,0.03619971
17958834,70171770,1923-07-16,40.25,105.25,0.15000904
18025290,70430970,1923-08-16,40.25,105.25,0.08974471
18091714,70690170,1923-09-16,40.25,105.25,-0.07194652
18158147,70949370,1923-10-16,40.25,105.25,0.28434354
18224568,71208570,1923-11-16,40.25,105.25,0.47512898
18290972,71467770,1923-12-16,40.25,105.25,0.019844448
18357281,71726970,1924-01-16,40.25,105.25,0.60783064
18423601,71986170,1924-02-15,40.25,105.25,0.32838735
18489883,72245370,1924-03-16,40.25,105.25,0.28094673
18556233,72504570,1924-04-16,40.25,105.25,0.26690713
18622662,72763770,1924-05-16,40.25,105.25,0.074645
18689039,73022970,1924-06-16,40.25,105.25,0.02028818
18755474,73282170,1924-07-16,40.25,105.25,0.15686606
18821930,73541370,1924-08-16,40.25,105.25,0.08974471
18888368,73800570,1924-09-16,40.25,105.25,-0.060934734
18954801,74059770,1924-10-16,40.25,105.25,0.31105426
19021229,74318970,1924-11-16,40.25,105.25,0.52804136
19087633,74578170,1924-12-16,40.25,105.25,0.019844448
19153941,74837370,1925-01-16,40.25,105.25,0.5050566
19220266,75096570,1925-02-15,40.25,105.25,0.32838735
19286557,75355770,1925-03-16,40.25,105.25,0.28094673
19352908,75614970,1925-04-16,40.25,105.25,0.33288613
19419337,75874170,1925-05-16,40.25,105.25,0.123511344
19485747,76133370,1925-06-16,40.25,105.25,0.06784786
19552182,76392570,1925-07-16,40.25,105.25,0.15686606
19618635,76651770,1925-08-16,40.25,105.25,0.10673819
19685073,76910970,1925-09-16,40.25,105.25,-0.049972296
19751506,77170170,1925-10-16,40.25,105.25,0.2300687
19817932,77429370,1925-11-16,40.25,105.25,0.47512898
19884332,77688570,1925-12-16,40.25,105.25,-1.0517459999999998
19950631,77947770,1926-01-16,40.25,105.25,0.39432535
20016955,78206970,1926-02-15,40.25,105.25,-0.8811704
20083247,78466170,1926-03-16,40.25,105.25,0.15943791
20149598,78725370,1926-04-16,40.25,105.25,0.24444498
20216027,78984570,1926-05-16,40.25,105.25,0.123511344
20282445,79243770,1926-06-16,40.25,105.25,0.03619971
20348878,79502970,1926-07-16,40.25,105.25,0.14314061
20415330,79762170,1926-08-16,40.25,105.25,0.08406106
20481724,80021370,1926-09-16,40.25,105.25,-0.060934734
20548157,80280570,1926-10-16,40.25,105.25,0.25734848
20614584,80539770,1926-11-16,40.25,105.25,0.5789297
20680988,80798970,1926-12-16,40.25,105.25,1.0692378
20747295,81058170,1927-01-16,40.25,105.25,0.60783064
20813618,81317370,1927-02-15,40.25,105.25,0.32838735
20879910,81576570,1927-03-16,40.25,105.25,0.39612338
20946261,81835770,1927-04-16,40.25,105.25,0.37571737
21012690,82094970,1927-05-16,40.25,105.25,0.1395504
21079111,82354170,1927-06-16,40.25,105.25,0.03619971
21145545,82613370,1927-07-16,40.25,105.25,0.15686606
21211993,82872570,1927-08-16,40.25,105.25,0.10673819
21278431,83131770,1927-09-16,40.25,105.25,-0.08300774
21344861,83390970,1927-10-16,40.25,105.25,0.25734848
21411289,83650170,1927-11-16,40.25,105.25,0.47512898
21477688,83909370,1927-12-16,40.25,105.25,1.0692378
21543995,84168570,1928-01-16,40.25,105.25,0.60783064
21610320,84427770,1928-02-15,40.25,105.25,-0.31788698
21676612,84686970,1928-03-16,40.25,105.25,0.15943791
21742952,84946170,1928-04-16,40.25,105.25,0.22174543
21809379,85205370,1928-05-16,40.25,105.25,0.1073479
21875801,85464570,1928-06-16,40.25,105.25,0.06784786
21942188,85723770,1928-07-16,40.25,105.25,0.13626081
22008632,85982970,1928-08-16,40.25,105.25,0.08974471
22075004,86242170,1928-09-16,40.25,105.25,-0.049972296
22141437,86501370,1928-10-16,40.25,105.25,0.28434354
22207862,86760570,1928-11-16,40.25,105.25,0.62790304
22274266,87019770,1928-12-16,40.25,105.25,1.9028714
22340575,87278970,1929-01-16,40.25,105.25,0.7034109000000001
22406899,87538170,1929-02-15,40.25,105.25,1.6481715
22473191,87797370,1929-03-16,40.25,105.25,0.09625682
22539541,88056570,1929-04-16,40.25,105.25,0.26690713
22605963,88315770,1929-05-16,40.25,105.25,0.123511344
22672384,88574970,1929-06-16,40.25,105.25,0.06784786
22738817,88834170,1929-07-16,40.25,105.25,0.17054565
22805264,89093370,1929-08-16,40.25,105.25,0.1010833
22871701,89352570,1929-09-16,40.25,105.25,-0.060934734
22938132,89611770,1929-10-16,40.25,105.25,0.28434354
23004538,89870970,1929-11-16,40.25,105.25,0.52804136
23070941,90130170,1929-12-16,40.25,105.25,1.9028714
23137250,90389370,1930-01-16,40.25,105.25,0.5050566
23203574,90648570,1930-02-15,40.25,105.25,1.0019507
23269866,90907770,1930-03-16,40.25,105.25,0.39612338
23336212,91166970,1930-04-16,40.25,105.25,0.35441595
23402641,91426170,1930-05-16,40.25,105.25,0.1073479
23469062,91685370,1930-06-16,40.25,105.25,0.05205316
23535494,91944570,1930-07-16,40.25,105.25,0.14314061
23601950,92203770,1930-08-16,40.25,105.25,0.08406106
23668387,92462970,1930-09-16,40.25,105.25,-0.07194652
23734820,92722170,1930-10-16,40.25,105.25,0.25734848
23801244,92981370,1930-11-16,40.25,105.25,0.5789297
23867645,93240570,1930-12-16,40.25,105.25,1.0692378
23933952,93499770,1931-01-16,40.25,105.25,0.60783064
24000277,93758970,1931-02-15,40.25,105.25,1.0019507
24066569,94018170,1931-03-16,40.25,105.25,0.031439703
24132918,94277370,1931-04-16,40.25,105.25,0.31112593
24199347,94536570,1931-05-16,40.25,105.25,0.1395504
24265769,94795770,1931-06-16,40.25,105.25,0.08358316
24332161,95054970,1931-07-16,40.25,105.25,0.15686606
24398611,95314170,1931-08-16,40.25,105.25,0.08974471
24465048,95573370,1931-09-16,40.25,105.25,-0.049972296
24531481,95832570,1931-10-16,40.25,105.25,0.25734848
24597909,96091770,1931-11-16,40.25,105.25,0.62790304
24664308,96350970,1931-12-16,40.25,105.25,1.0692378
24730616,96610170,1932-01-16,40.25,105.25,0.39432535
24796939,96869370,1932-02-15,40.25,105.25,1.0019507
24863218,97128570,1932-03-16,40.25,105.25,0.22099538
24929568,97387770,1932-04-16,40.25,105.25,0.17562787
24995997,97646970,1932-05-16,40.25,105.25,0.09105935
25062411,97906170,1932-06-16,40.25,105.25,0.02028818
25128839,98165370,1932-07-16,40.25,105.25,0.13626081
25195293,98424570,1932-08-16,40.25,105.25,0.112383455
25261728,98683770,1932-09-16,40.25,105.25,-0.07194652
25328153,98942970,1932-10-16,40.25,105.25,0.25734848
25394578,99202170,1932-11-16,40.25,105.25,0.47512898
25460980,99461370,1932-12-16,40.25,105.25,1.0692378
25527285,99720570,1933-01-16,40.25,105.25,0.7034109000000001
25593609,99979770,1933-02-15,40.25,105.25,0.32838735
25659898,100238970,1933-03-16,40.25,105.25,0.22099538
25726245,100498170,1933-04-16,40.25,105.25,0.31112593
25792674,100757370,1933-05-16,40.25,105.25,0.6768029000000001
25859082,101016570,1933-06-16,40.25,105.25,0.03619971
25925507,101275770,1933-07-16,40.25,105.25,0.86705637
25991962,101534970,1933-08-16,40.25,105.25,-0.2179415
26058400,101794170,1933-09-16,40.25,105.25,-0.254909
26124833,102053370,1933-10-16,40.25,105.25,0.28434354
26191257,102312570,1933-11-16,40.25,105.25,0.24083386
26257646,102571770,1933-12-16,40.25,105.25,0.019844448
26323950,102830970,1934-01-16,40.25,105.25,0.7034109000000001
26390274,103090170,1934-02-15,40.25,105.25,-0.31788698
26456566,103349370,1934-03-16,40.25,105.25,0.15943791
26522914,103608570,1934-04-16,40.25,105.25,0.0560793
26589338,103867770,1934-05-16,40.25,105.25,0.041436113
26655748,104126970,1934-06-16,40.25,105.25,-0.445542
26722173,104386170,1934-07-16,40.25,105.25,-0.0107375365
26788629,104645370,1934-08-16,40.25,105.25,0.14605193
26855067,104904570,1934-09-16,40.25,105.25,-0.049972296
26921498,105163770,1934-10-16,40.25,105.25,0.51460826
26987919,105422970,1934-11-16,40.25,105.25,0.17593938
27054323,105682170,1934-12-16,40.25,105.25,0.019844448
27120627,105941370,1935-01-16,40.25,105.25,0.9535996
27186939,106200570,1935-02-15,40.25,105.25,-0.31788698
27253202,106459770,1935-03-16,40.25,105.25,-0.17286877
27319553,106718970,1935-04-16,40.25,105.25,0.26690713
27385967,106978170,1935-05-16,40.25,105.25,-0.22425288
27452349,107237370,1935-06-16,40.25,105.25,-0.5667603
27518784,107496570,1935-07-16,40.25,105.25,0.71156704
27585240,107755770,1935-08-16,40.25,105.25,0.6453466
27651678,108014970,1935-09-16,40.25,105.25,-0.07194652
27718111,108274170,1935-10-16,40.25,105.25,-0.18136778
27784537,108533370,1935-11-16,40.25,105.25,0.52804136
27850920,108792570,1935-12-16,40.25,105.25,2.5546303
27917219,109051770,1936-01-16,40.25,105.25,0.7034109000000001
27983538,109310970,1936-02-15,40.25,105.25,-0.31788698
28049823,109570170,1936-03-16,40.25,105.25,0.339314
28116172,109829370,1936-04-16,40.25,105.25,1.0092005
28182601,110088570,1936-05-16,40.25,105.25,0.15546581
28249022,110347770,1936-06-16,40.25,105.25,-0.1418607
28315453,110606970,1936-07-16,40.25,105.25,-0.65059656
28381852,110866170,1936-08-16,40.25,105.25,-1.0286886999999998
28448282,111125370,1936-09-16,40.25,105.25,-0.19635615
28514712,111384570,1936-10-16,40.25,105.25,-0.8895427
28581119,111643770,1936-11-16,40.25,105.25,-0.36643952
28647523,111902970,1936-12-16,40.25,105.25,0.019844448
28713832,112162170,1937-01-16,40.25,105.25,0.792492
28780157,112421370,1937-02-15,40.25,105.25,-0.31788698
28846449,112680570,1937-03-16,40.25,105.25,-0.78760505
28912787,112939770,1937-04-16,40.25,105.25,-0.22879739
28979216,113198970,1937-05-16,40.25,105.25,-0.043834098
29045638,113458170,1937-06-16,40.25,105.25,0.84736866
29112039,113717370,1937-07-16,40.25,105.25,0.052837405
29178430,113976570,1937-08-16,40.25,105.25,-0.19955093
29244810,114235770,1937-09-16,40.25,105.25,0.11880075
29311243,114494970,1937-10-16,40.25,105.25,-0.8538207
29377667,114754170,1937-11-16,40.25,105.25,0.17593938
29444045,115013370,1937-12-16,40.25,105.25,-1.0517459999999998
29510354,115272570,1938-01-16,40.25,105.25,0.8757007
29576619,115531770,1938-02-15,40.25,105.25,-0.31788698
29642911,115790970,1938-03-16,40.25,105.25,-0.035020422
29709244,116050170,1938-04-16,40.25,105.25,-0.01861169
29775673,116309370,1938-05-16,40.25,105.25,0.40787497
29842093,116568570,1938-06-16,40.25,105.25,-0.5319871
29908528,116827770,1938-07-16,40.25,105.25,-1.0739251
29974983,117086970,1938-08-16,40.25,105.25,0.1903973
30041404,117346170,1938-09-16,40.25,105.25,-0.12774862
30107837,117605370,1938-10-16,40.25,105.25,-0.8895427
30174260,117864570,1938-11-16,40.25,105.25,-0.9908852
30240645,118123770,1938-12-16,40.25,105.25,0.019844448
30306946,118382970,1939-01-16,40.25,105.25,-1.1175531
30373271,118642170,1939-02-15,40.25,105.25,-0.8811704
30439562,118901370,1939-03-16,40.25,105.25,-1.2192296
30505900,119160570,1939-04-16,40.25,105.25,1.0660733
30572325,119419770,1939-05-16,40.25,105.25,0.15546581
30638730,119678970,1939-06-16,40.25,105.25,-0.46277118
30705159,119938170,1939-07-16,40.25,105.25,1.2276044
30771612,120197370,1939-08-16,40.25,105.25,-0.7584188000000001
30838040,120456570,1939-09-16,40.25,105.25,0.5142554
30904471,120715770,1939-10-16,40.25,105.25,-0.8182696999999999
30970876,120974970,1939-11-16,40.25,105.25,-0.27828220000000004
31037262,121234170,1939-12-16,40.25,105.25,-1.0517459999999998
31103568,121493370,1940-01-16,40.25,105.25,-1.1175531
31169893,121752570,1940-02-15,40.25,105.25,-0.31788698
31236164,122011770,1940-03-16,40.25,105.25,0.657934
31302513,122270970,1940-04-16,40.25,105.25,0.26690713
31368942,122530170,1940-05-16,40.25,105.25,-1.8123554
31435360,122789370,1940-06-16,40.25,105.25,0.94153047
31501795,123048570,1940-07-16,40.25,105.25,-0.8427812
31568220,123307770,1940-08-16,40.25,105.25,1.6061032
31634609,123566970,1940-09-16,40.25,105.25,0.014771479
31701042,123826170,1940-10-16,40.25,105.25,-0.8182696999999999
31767470,124085370,1940-11-16,40.25,105.25,1.7525842
31833873,124344570,1940-12-16,40.25,105.25,-1.9288218
31900166,124603770,1941-01-16,40.25,105.25,1.0954245
31966487,124862970,1941-02-15,40.25,105.25,0.32838735
32032777,125122170,1941-03-16,40.25,105.25,0.031439703
32099124,125381370,1941-04-16,40.25,105.25,-1.4779667
32165531,125640570,1941-05-16,40.25,105.25,-1.5808538
32231942,125899770,1941-06-16,40.25,105.25,-0.5841847
32298365,126158970,1941-07-16,40.25,105.25,-0.2355781
32364795,126418170,1941-08-16,40.25,105.25,-1.853994
32431220,126677370,1941-09-16,40.25,105.25,-0.24309774
32497652,126936570,1941-10-16,40.25,105.25,-1.7937799
32564080,127195770,1941-11-16,40.25,105.25,-0.76251185
32630483,127454970,1941-12-16,40.25,105.25,-1.0517459999999998
32696791,127714170,1942-01-16,40.25,105.25,-1.1175531
32763111,127973370,1942-02-15,40.25,105.25,1.0019507
32829399,128232570,1942-03-16,40.25,105.25,-0.035020422
32895750,128491770,1942-04-16,40.25,105.25,-0.7281983
32962169,128750970,1942-05-16,40.25,105.25,0.80131084
33028554,129010170,1942-06-16,40.25,105.25,-1.8575947
33094976,129269370,1942-07-16,40.25,105.25,0.5762368
33161331,129528570,1942-08-16,40.25,105.25,-0.5408516
33227769,129787770,1942-09-16,40.25,105.25,-0.094118476
33294202,130046970,1942-10-16,40.25,105.25,0.8296107
33360627,130306170,1942-11-16,40.25,105.25,-1.3826956
33427031,130565370,1942-12-16,40.25,105.25,0.019844448
33493340,130824570,1943-01-16,40.25,105.25,-0.30975777
33559665,131083770,1943-02-15,40.25,105.25,-0.8811704
33625957,131342970,1943-03-16,40.25,105.25,1.9375082
33692308,131602170,1943-04-16,40.25,105.25,-0.54388666
33758737,131861370,1943-05-16,40.25,105.25,0.9748897
33825143,132120570,1943-06-16,40.25,105.25,2.2496097
33891570,132379770,1943-07-16,40.25,105.25,0.7850086
33958023,132638970,1943-08-16,40.25,105.25,0.94529533
34024415,132898170,1943-09-16,40.25,105.25,0.19860905
34090845,133157370,1943-10-16,40.25,105.25,-1.0705937
34157271,133416570,1943-11-16,40.25,105.25,-0.36643952
34223673,133675770,1943-12-16,40.25,105.25,0.019844448
34289960,133934970,1944-01-16,40.25,105.25,1.221367
34356285,134194170,1944-02-15,40.25,105.25,1.0019507
34422577,134453370,1944-03-16,40.25,105.25,-0.3918065
34488926,134712570,1944-04-16,40.25,105.25,-0.6043638000000001
34555355,134971770,1944-05-16,40.25,105.25,-1.5253761
34621776,135230970,1944-06-16,40.25,105.25,0.5800203
34688122,135490170,1944-07-16,40.25,105.25,0.0387822
34754534,135749370,1944-08-16,40.25,105.25,0.20686467
34820971,136008570,1944-09-16,40.25,105.25,-0.27868286
34887399,136267770,1944-10-16,40.25,105.25,-0.96148473
34953825,136526970,1944-11-16,40.25,105.25,0.47512898
35020229,136786170,1944-12-16,40.25,105.25,1.0692378
35086536,137045370,1945-01-16,40.25,105.25,1.0954245
35152861,137304570,1945-02-15,40.25,105.25,2.253819
35219144,137563770,1945-03-16,40.25,105.25,-0.7054914000000001
35285494,137822970,1945-04-16,40.25,105.25,-1.0882758999999995
35351912,138082170,1945-05-16,40.25,105.25,-0.07885417
35418318,138341370,1945-06-16,40.25,105.25,0.25258726
35484743,138600570,1945-07-16,40.25,105.25,-0.36961508
35551035,138859770,1945-08-16,40.25,105.25,1.4957072
35617450,139118970,1945-09-16,40.25,105.25,0.5551948
35683883,139378170,1945-10-16,40.25,105.25,1.8985713
35750308,139637370,1945-11-16,40.25,105.25,-0.1940002
35816711,139896570,1945-12-16,40.25,105.25,-1.0517459999999998
35883020,140155770,1946-01-16,40.25,105.25,-1.3673708
35949345,140414970,1946-02-15,40.25,105.25,-1.3471518
36015632,140674170,1946-03-16,40.25,105.25,0.92819977
36081983,140933370,1946-04-16,40.25,105.25,-0.9872351
36148412,141192570,1946-05-16,40.25,105.25,-0.3389857
36214816,141451770,1946-06-16,40.25,105.25,1.5487864
36281204,141710970,1946-07-16,40.25,105.25,0.40214682
36347639,141970170,1946-08-16,40.25,105.25,-1.0765679
36414063,142229370,1946-09-16,40.25,105.25,-2.0322266
36480482,142488570,1946-10-16,40.25,105.25,-0.9976979
36546909,142747770,1946-11-16,40.25,105.25,-0.76251185
36613312,143006970,1946-12-16,40.25,105.25,1.0692378
36679618,143266170,1947-01-16,40.25,105.25,-0.68040067
36745877,143525370,1947-02-15,40.25,105.25,0.32838735
36812164,143784570,1947-03-16,40.25,105.25,-1.0424004999999998
36878497,144043770,1947-04-16,40.25,105.25,0.10463426
36944926,144302970,1947-05-16,40.25,105.25,-0.9410492
37011347,144562170,1947-06-16,40.25,105.25,0.29732859999999994
37077744,144821370,1947-07-16,40.25,105.25,-1.1508373
37144119,145080570,1947-08-16,40.25,105.25,1.3580853000000002
37210544,145339770,1947-09-16,40.25,105.25,2.055272
37276977,145598970,1947-10-16,40.25,105.25,1.8985713
37343405,145858170,1947-11-16,40.25,105.25,-0.11339242
37409786,146117370,1947-12-16,40.25,105.25,1.0692378
37476094,146376570,1948-01-16,40.25,105.25,1.0266914
37542418,146635770,1948-02-15,40.25,105.25,0.32838735
37608707,146894970,1948-03-16,40.25,105.25,1.5023941
37675052,147154170,1948-04-16,40.25,105.25,-0.3117547
37741474,147413370,1948-05-16,40.25,105.25,-0.91760004
37807888,147672570,1948-06-16,40.25,105.25,-0.4111806
37874259,147931770,1948-07-16,40.25,105.25,0.7400726
37940636,148190970,1948-08-16,40.25,105.25,0.8516089
38007072,148450170,1948-09-16,40.25,105.25,-0.7828084
38073504,148709370,1948-10-16,40.25,105.25,-0.3410414
38139927,148968570,1948-11-16,40.25,105.25,1.2472287
38206329,149227770,1948-12-16,40.25,105.25,-1.0517459999999998
38272629,149486970,1949-01-16,40.25,105.25,0.14560637
38338953,149746170,1949-02-15,40.25,105.25,-0.31788698
38405227,150005370,1949-03-16,40.25,105.25,0.79857475
38471560,150264570,1949-04-16,40.25,105.25,-0.7597519
38537973,150523770,1949-05-16,40.25,105.25,0.6649614
38604378,150782970,1949-06-16,40.25,105.25,-0.5667603
38670751,151042170,1949-07-16,40.25,105.25,0.9254257
38737177,151301370,1949-08-16,40.25,105.25,-0.95377105
38803613,151560570,1949-09-16,40.25,105.25,0.7387538
38870044,151819770,1949-10-16,40.25,105.25,0.766278
38936467,152078970,1949-11-16,40.25,105.25,-0.27828220000000004
39002870,152338170,1949-12-16,40.25,105.25,1.9028714
39069174,152597370,1950-01-16,40.25,105.25,-0.68040067
39135495,152856570,1950-02-15,40.25,105.25,1.0019507
39201784,153115770,1950-03-16,40.25,105.25,-0.78760505
39268132,153374970,1950-04-16,40.25,105.25,-0.36830682
39334552,153634170,1950-05-16,40.25,105.25,1.4170979
39400957,153893370,1950-06-16,40.25,105.25,1.1389534
39467371,154152570,1950-07-16,40.25,105.25,0.27164218
39533814,154411770,1950-08-16,40.25,105.25,-1.1727657
39600217,154670970,1950-09-16,40.25,105.25,-0.46343863
39666649,154930170,1950-10-16,40.25,105.25,-0.4397697
39733077,155189370,1950-11-16,40.25,105.25,-0.45868865
39799471,155448570,1950-12-16,40.25,105.25,1.0692378
39865741,155707770,1951-01-16,40.25,105.25,-0.8896801999999999
39931961,155966970,1951-02-15,40.25,105.25,2.253819
39998253,156226170,1951-03-16,40.25,105.25,-0.46795148
40064559,156485370,1951-04-16,40.25,105.25,-0.3117547
40130988,156744570,1951-05-16,40.25,105.25,-0.24303372
40197401,157003770,1951-06-16,40.25,105.25,-1.69867
40263747,157262970,1951-07-16,40.25,105.25,0.618158
40330187,157522170,1951-08-16,40.25,105.25,-1.2972437
40396605,157781370,1951-09-16,40.25,105.25,0.8964465
40462989,158040570,1951-10-16,40.25,105.25,0.49013707
40529377,158299770,1951-11-16,40.25,105.25,-0.36643952
40595775,158558970,1951-12-16,40.25,105.25,0.019844448
40661898,158818170,1952-01-16,40.25,105.25,-1.1175531
40728222,159077370,1952-02-15,40.25,105.25,1.6481715
40794508,159336570,1952-03-16,40.25,105.25,-0.6248246999999999
40860856,159595770,1952-04-16,40.25,105.25,0.1988069
40927227,159854970,1952-05-16,40.25,105.25,1.2034614
40993614,160114170,1952-06-16,40.25,105.25,0.5393695
41060032,160373370,1952-07-16,40.25,105.25,1.181792
41126412,160632570,1952-08-16,40.25,105.25,0.4178534
41192750,160891770,1952-09-16,40.25,105.25,-0.54053617
41259078,161150970,1952-10-16,40.25,105.25,-0.9976979
41325505,161410170,1952-11-16,40.25,105.25,1.4697582
41391906,161669370,1952-12-16,40.25,105.25,1.0692378
41458128,161928570,1953-01-16,40.25,105.25,0.39432535
41524439,162187770,1953-02-15,40.25,105.25,1.0019507
41590719,162446970,1953-03-16,40.25,105.25,-0.035020422
41657069,162706170,1953-04-16,40.25,105.25,0.47886905
41723497,162965370,1953-05-16,40.25,105.25,-0.20560771
41789906,163224570,1953-06-16,40.25,105.25,-0.37695524
41856290,163483770,1953-07-16,40.25,105.25,-0.31723183
41922739,163742970,1953-08-16,40.25,105.25,0.88881457
41989170,164002170,1953-09-16,40.25,105.25,-0.76891553
42055596,164261370,1953-10-16,40.25,105.25,0.33748114
42122023,164520570,1953-11-16,40.25,105.25,1.0982618
42188415,164779770,1953-12-16,40.25,105.25,1.0692378
42254690,165038970,1954-01-16,40.25,105.25,0.14560637
42321001,165298170,1954-02-15,40.25,105.25,0.32838735
42387259,165557370,1954-03-16,40.25,105.25,0.45140454
42453560,165816570,1954-04-16,40.25,105.25,-1.4779667
42519989,166075770,1954-05-16,40.25,105.25,-0.98839974
42586401,166334970,1954-06-16,40.25,105.25,0.49809718
42652785,166594170,1954-07-16,40.25,105.25,-0.39968115
42719239,166853370,1954-08-16,40.25,105.25,1.6007718999999998
42785667,167112570,1954-09-16,40.25,105.25,-0.51463395
42852087,167371770,1954-10-16,40.25,105.25,-0.5405424
42918485,167630970,1954-11-16,40.25,105.25,0.4200772
42984881,167890170,1954-12-16,40.25,105.25,1.9028714
43051188,168149370,1955-01-16,40.25,105.25,-0.30975777
43117507,168408570,1955-02-15,40.25,105.25,-0.8811704
43183560,168667770,1955-03-16,40.25,105.25,1.1226507
43249908,168926970,1955-04-16,40.25,105.25,0.10463426
43316333,169186170,1955-05-16,40.25,105.25,-0.24303372
43382681,169445370,1955-06-16,40.25,105.25,0.72377855
43449099,169704570,1955-07-16,40.25,105.25,-0.68126816
43515473,169963770,1955-08-16,40.25,105.25,2.2674847
43581888,170222970,1955-09-16,40.25,105.25,0.98471874
43648320,170482170,1955-10-16,40.25,105.25,1.1506625
43714696,170741370,1955-11-16,40.25,105.25,-1.1141852
43781099,171000570,1955-12-16,40.25,105.25,0.019844448
43847408,171259770,1956-01-16,40.25,105.25,0.14560637
43913649,171518970,1956-02-15,40.25,105.25,0.32838735
43979913,171778170,1956-03-16,40.25,105.25,-0.87113976
44046262,172037370,1956-04-16,40.25,105.25,1.4091146
44112687,172296570,1956-05-16,40.25,105.25,0.36573663
44179028,172555770,1956-06-16,40.25,105.25,0.72377855
44245456,172814970,1956-07-16,40.25,105.25,-1.1508373
44311895,173074170,1956-08-16,40.25,105.25,0.049759183
44378327,173333370,1956-09-16,40.25,105.25,-2.3829823
44444723,173592570,1956-10-16,40.25,105.25,-1.7147983
44511089,173851770,1956-11-16,40.25,105.25,-0.87384635
44577492,174110970,1956-12-16,40.25,105.25,0.019844448
44643750,174370170,1957-01-16,40.25,105.25,0.9535996
44710075,174629370,1957-02-15,40.25,105.25,1.0019507
44776365,174888570,1957-03-16,40.25,105.25,-1.4018035
44842657,175147770,1957-04-16,40.25,105.25,1.4823432
44909057,175406970,1957-05-16,40.25,105.25,-0.9646488
44975449,175666170,1957-06-16,40.25,105.25,-0.9541541
45041837,175925370,1957-07-16,40.25,105.25,-2.089148
45108290,176184570,1957-08-16,40.25,105.25,0.015117866
45174711,176443770,1957-09-16,40.25,105.25,-2.2328822999999995
45241129,176702970,1957-10-16,40.25,105.25,-1.520587
45307540,176962170,1957-11-16,40.25,105.25,-1.1141852
45373931,177221370,1957-12-16,40.25,105.25,0.019844448
45440077,177480570,1958-01-16,40.25,105.25,1.0266914
45506380,177739770,1958-02-15,40.25,105.25,-0.8811704
45572636,177998970,1958-03-16,40.25,105.25,-1.4953839
45638927,178258170,1958-04-16,40.25,105.25,-0.25619970000000003
45705319,178517370,1958-05-16,40.25,105.25,0.77943146
45771738,178776570,1958-06-16,40.25,105.25,0.9066999
45838167,179035770,1958-07-16,40.25,105.25,-1.0200228999999998
45904589,179294970,1958-08-16,40.25,105.25,2.0035071
45970997,179554170,1958-09-16,40.25,105.25,0.13903402
46037426,179813370,1958-10-16,40.25,105.25,2.0681996
46103829,180072570,1958-11-16,40.25,105.25,0.17593938
46170188,180331770,1958-12-16,40.25,105.25,-1.0517459999999998
46236493,180590970,1959-01-16,40.25,105.25,-1.1175531
46302816,180850170,1959-02-15,40.25,105.25,1.0019507
46369100,181109370,1959-03-16,40.25,105.25,0.79857475
46435450,181368570,1959-04-16,40.25,105.25,0.8883511000000001
46501875,181627770,1959-05-16,40.25,105.25,-0.3585881
46568286,181886970,1959-06-16,40.25,105.25,0.5393695
46634708,182146170,1959-07-16,40.25,105.25,2.167293
46701154,182405370,1959-08-16,40.25,105.25,0.6221777
46767563,182664570,1959-09-16,40.25,105.25,1.0734851
46833983,182923770,1959-10-16,40.25,105.25,-1.8335793
46900380,183182970,1959-11-16,40.25,105.25,-0.87384635
46966783,183442170,1959-12-16,40.25,105.25,1.0692378
47033090,183701370,1960-01-16,40.25,105.25,0.27480614
47099336,183960570,1960-02-15,40.25,105.25,-1.7302967
47165613,184219770,1960-03-16,40.25,105.25,1.0478823
47231959,184478970,1960-04-16,40.25,105.25,1.9997936
47298372,184738170,1960-05-16,40.25,105.25,-0.6693498
47364785,184997370,1960-06-16,40.25,105.25,-1.1139219
47431176,185256570,1960-07-16,40.25,105.25,-0.17676061
47497630,185515770,1960-08-16,40.25,105.25,0.48790857
47564067,185774970,1960-09-16,40.25,105.25,1.6794759
47630474,186034170,1960-10-16,40.25,105.25,-1.0340685
47696889,186293370,1960-11-16,40.25,105.25,-0.9908852
47763257,186552570,1960-12-16,40.25,105.25,1.0692378
47829543,186811770,1961-01-16,40.25,105.25,2.2116368
47895837,187070970,1961-02-15,40.25,105.25,-0.31788698
47962078,187330170,1961-03-16,40.25,105.25,0.28094673
48028348,187589370,1961-04-16,40.25,105.25,1.037919
48094776,187848570,1961-05-16,40.25,105.25,1.4953156
48161173,188107770,1961-06-16,40.25,105.25,-0.1418607
48227573,188366970,1961-07-16,40.25,105.25,0.0034620136
48294000,188626170,1961-08-16,40.25,105.25,2.3660085
48360434,188885370,1961-09-16,40.25,105.25,-1.1166997
48426844,189144570,1961-10-16,40.25,105.25,2.0141594
48493265,189403770,1961-11-16,40.25,105.25,1.7525842
48559668,189662970,1961-12-16,40.25,105.25,0.019844448
48625975,189922170,1962-01-16,40.25,105.25,-0.8896801999999999
48692242,190181370,1962-02-15,40.25,105.25,-0.31788698
48758493,190440570,1962-03-16,40.25,105.25,-0.78760505
48824800,190699770,1962-04-16,40.25,105.25,-0.20164576
48891227,190958970,1962-05-16,40.25,105.25,-1.966227
48957356,191218170,1962-06-16,40.25,105.25,-2.1406305
49023677,191477370,1962-07-16,40.25,105.25,-0.38463658
49090123,191736570,1962-08-16,40.25,105.25,-1.5065719
49156532,191995770,1962-09-16,40.25,105.25,0.76027995
49222722,192254970,1962-10-16,40.25,105.25,-1.520587
49289043,192514170,1962-11-16,40.25,105.25,0.67506427
49355446,192773370,1962-12-16,40.25,105.25,-1.0517459999999998
49421726,193032570,1963-01-16,40.25,105.25,0.39432535
49487980,193291770,1963-02-15,40.25,105.25,0.32838735
49554232,193550970,1963-03-16,40.25,105.25,1.3258693
49620544,193810170,1963-04-16,40.25,105.25,0.8883511000000001
49686960,194069370,1963-05-16,40.25,105.25,-0.71318424
49753380,194328570,1963-06-16,40.25,105.25,-1.9282408
49819794,194587770,1963-07-16,40.25,105.25,1.1348958999999998
49886237,194846970,1963-08-16,40.25,105.25,-1.7396834
49952664,195106170,1963-09-16,40.25,105.25,-1.6490846
50019080,195365370,1963-10-16,40.25,105.25,-0.64322895
50085491,195624570,1963-11-16,40.25,105.25,-0.45868865
50151862,195883770,1963-12-16,40.25,105.25,0.019844448
50218163,196142970,1964-01-16,40.25,105.25,1.652207
50284293,196402170,1964-02-15,40.25,105.25,2.8347628
50350283,196661370,1964-03-16,40.25,105.25,-0.46795148
50416628,196920570,1964-04-16,40.25,105.25,1.9120886
50483037,197179770,1964-05-16,40.25,105.25,2.4357166
50549437,197438970,1964-06-16,40.25,105.25,-0.97189164
50615779,197698170,1964-07-16,40.25,105.25,-0.7888755999999999
50682232,197957370,1964-08-16,40.25,105.25,0.7923007
50748670,198216570,1964-09-16,40.25,105.25,-1.2708203000000002
50815101,198475770,1964-10-16,40.25,105.25,0.6557791999999999
50881529,198734970,1964-11-16,40.25,105.25,-0.9908852
50947925,198994170,1964-12-16,40.25,105.25,-1.0517459999999998
51014216,199253370,1965-01-16,40.25,105.25,-1.3673708
51080500,199512570,1965-02-15,40.25,105.25,-0.8811704
51146769,199771770,1965-03-16,40.25,105.25,0.45140454
51213116,200030970,1965-04-16,40.25,105.25,2.1222208
51279528,200290170,1965-05-16,40.25,105.25,-0.98839974
51345910,200549370,1965-06-16,40.25,105.25,-1.025132
51412329,200808570,1965-07-16,40.25,105.25,-0.9198433
51478778,201067770,1965-08-16,40.25,105.25,-2.2487335
51545209,201326970,1965-09-16,40.25,105.25,-2.5196078
51611642,201586170,1965-10-16,40.25,105.25,-0.30860794
51678070,201845370,1965-11-16,40.25,105.25,1.6677966
51744470,202104570,1965-12-16,40.25,105.25,-1.0517459999999998
51810723,202363770,1966-01-16,40.25,105.25,-0.30975777
51877018,202622970,1966-02-15,40.25,105.25,-1.3471518
51942924,202882170,1966-03-16,40.25,105.25,0.22099538
52009124,203141370,1966-04-16,40.25,105.25,-1.3326001
52075413,203400570,1966-05-16,40.25,105.25,1.1116254
52141784,203659770,1966-06-16,40.25,105.25,-0.4111806
52208205,203918970,1966-07-16,40.25,105.25,-0.966087
52274613,204178170,1966-08-16,40.25,105.25,-0.08483117
52340743,204437370,1966-09-16,40.25,105.25,-2.0322266
52407172,204696570,1966-10-16,40.25,105.25,-0.37371582
52473369,204955770,1966-11-16,40.25,105.25,-1.3826956
52539688,205214970,1966-12-16,40.25,105.25,0.019844448
52605928,205474170,1967-01-16,40.25,105.25,-0.30975777
52671856,205733370,1967-02-15,40.25,105.25,-0.31788698
52738028,205992570,1967-03-16,40.25,105.25,-0.5456344
52804357,206251770,1967-04-16,40.25,105.25,1.5418271
52870783,206510970,1967-05-16,40.25,105.25,1.8883115
52937197,206770170,1967-06-16,40.25,105.25,-1.2914907
53003620,207029370,1967-07-16,40.25,105.25,0.5762368
53070031,207288570,1967-08-16,40.25,105.25,0.08406106
53136467,207547770,1967-09-16,40.25,105.25,-0.8672439000000001
53202899,207806970,1967-10-16,40.25,105.25,-1.7147983
53269310,208066170,1967-11-16,40.25,105.25,2.72437
53335653,208325370,1967-12-16,40.25,105.25,1.0692378
53401936,208584570,1968-01-16,40.25,105.25,-0.487596
53468247,208843770,1968-02-15,40.25,105.25,2.253819
53534436,209102970,1968-03-16,40.25,105.25,2.1780407000000004
53600785,209362170,1968-04-16,40.25,105.25,-1.1568388
53667205,209621370,1968-05-16,40.25,105.25,-1.8425038
53733610,209880570,1968-06-16,40.25,105.25,-1.2559917
53800036,210139770,1968-07-16,40.25,105.25,0.97207355
53866408,210398970,1968-08-16,40.25,105.25,0.29318228
53932837,210658170,1968-09-16,40.25,105.25,0.9412677
53999268,210917370,1968-10-16,40.25,105.25,2.65023
54065692,211176570,1968-11-16,40.25,105.25,0.17593938
54131901,211435770,1968-12-16,40.25,105.25,-1.0517459999999998
54198177,211694970,1969-01-16,40.25,105.25,-0.14566383
54263923,211954170,1969-02-15,40.25,105.25,1.6481715
54330073,212213370,1969-03-16,40.25,105.25,-1.2192296
54396365,212472570,1969-04-16,40.25,105.25,-0.22879739
54462745,212731770,1969-05-16,40.25,105.25,-1.5808538
54529073,212990970,1969-06-16,40.25,105.25,2.0813725
54595360,213250170,1969-07-16,40.25,105.25,-0.8504853000000001
54661779,213509370,1969-08-16,40.25,105.25,-0.49548268
54728155,213768570,1969-09-16,40.25,105.25,0.3494551
54794581,214027770,1969-10-16,40.25,105.25,1.7030678
54861000,214286970,1969-11-16,40.25,105.25,-1.1141852
54927363,214546170,1969-12-16,40.25,105.25,0.019844448
54993651,214805370,1970-01-16,40.25,105.25,-1.1175531
55059949,215064570,1970-02-15,40.25,105.25,-0.31788698
55125974,215323770,1970-03-16,40.25,105.25,-0.78760505
55192261,215582970,1970-04-16,40.25,105.25,1.7858223999999998
55258563,215842170,1970-05-16,40.25,105.25,0.2332146
55324983,216101370,1970-06-16,40.25,105.25,0.7987304000000001
55391385,216360570,1970-07-16,40.25,105.25,-1.96944
55457807,216619770,1970-08-16,40.25,105.25,0.24494216
55524229,216878970,1970-09-16,40.25,105.25,-0.3268368
55590653,217138170,1970-10-16,40.25,105.25,0.20250413
55657050,217397370,1970-11-16,40.25,105.25,-1.1141852
55723449,217656570,1970-12-16,40.25,105.25,0.019844448
55789692,217915770,1971-01-16,40.25,105.25,2.669486
55855883,218174970,1971-02-15,40.25,105.25,1.0019507
55922120,218434170,1971-03-16,40.25,105.25,1.1226507
55988440,218693370,1971-04-16,40.25,105.25,-1.4779667
56054843,218952570,1971-05-16,40.25,105.25,-0.78001255
56121214,219211770,1971-06-16,40.25,105.25,0.65946084
56187615,219470970,1971-07-16,40.25,105.25,-1.7819088
56253934,219730170,1971-08-16,40.25,105.25,-0.59305865
56320342,219989370,1971-09-16,40.25,105.25,0.3494551
56386755,220248570,1971-10-16,40.25,105.25,-0.11929712
56453159,220507770,1971-11-16,40.25,105.25,1.4697582
56519475,220766970,1971-12-16,40.25,105.25,1.9028714
56585746,221026170,1972-01-16,40.25,105.25,0.7034109000000001
56652067,221285370,1972-02-15,40.25,105.25,1.6481715
56718314,221544570,1972-03-16,40.25,105.25,-0.24424191
56784653,221803770,1972-04-16,40.25,105.25,0.57662606
56851015,222062970,1972-05-16,40.25,105.25,-0.91760004
56917426,222322170,1972-06-16,40.25,105.25,-1.0961609
56983848,222581370,1972-07-16,40.25,105.25,-1.2352741000000005
57050210,222840570,1972-08-16,40.25,105.25,-0.8657845999999999
57116646,223099770,1972-09-16,40.25,105.25,-0.5929501
57183068,223358970,1972-10-16,40.25,105.25,-1.0705937
57249462,223618170,1972-11-16,40.25,105.25,-0.36643952
57315864,223877370,1972-12-16,40.25,105.25,0.019844448
57382104,224136570,1973-01-16,40.25,105.25,2.4733393
57448374,224395770,1973-02-15,40.25,105.25,-0.31788698
57514610,224654970,1973-03-16,40.25,105.25,0.8861483
57580889,224914170,1973-04-16,40.25,105.25,-1.296936
57647309,225173370,1973-05-16,40.25,105.25,-0.91760004
57713702,225432570,1973-06-16,40.25,105.25,-1.5572695
57780087,225691770,1973-07-16,40.25,105.25,0.84002435
57846536,225950970,1973-08-16,40.25,105.25,1.922727
57912954,226210170,1973-09-16,40.25,105.25,1.9577228
57979384,226469370,1973-10-16,40.25,105.25,1.8152674
58045811,226728570,1973-11-16,40.25,105.25,-1.2444683
58112215,226987770,1973-12-16,40.25,105.25,-1.0517459999999998
58178429,227246970,1974-01-16,40.25,105.25,-1.1175531
58244732,227506170,1974-02-15,40.25,105.25,0.32838735
58311024,227765370,1974-03-16,40.25,105.25,0.657934
58377230,228024570,1974-04-16,40.25,105.25,-1.0543568
58443651,228283770,1974-05-16,40.25,105.25,-1.1840227
58510041,228542970,1974-06-16,40.25,105.25,0.9870926
58576365,228802170,1974-07-16,40.25,105.25,2.751105
58642802,229061370,1974-08-16,40.25,105.25,-0.47613207
58709232,229320570,1974-09-16,40.25,105.25,-2.4276254
58775629,229579770,1974-10-16,40.25,105.25,-1.4440754999999998
58842006,229838970,1974-11-16,40.25,105.25,-1.2444683
58908368,230098170,1974-12-16,40.25,105.25,1.0692378
58974625,230357370,1975-01-16,40.25,105.25,-1.1175531
59040793,230616570,1975-02-15,40.25,105.25,-1.3471518
59107078,230875770,1975-03-16,40.25,105.25,-1.4018035
59173412,231134970,1975-04-16,40.25,105.25,0.1988069
59239822,231394170,1975-05-16,40.25,105.25,0.98445493
59306225,231653370,1975-06-16,40.25,105.25,-0.12540935
59372629,231912570,1975-07-16,40.25,105.25,0.5762368
59439072,232171770,1975-08-16,40.25,105.25,-1.4295487
59505509,232430970,1975-09-16,40.25,105.25,-1.5468566
59571933,232690170,1975-10-16,40.25,105.25,0.14652124
59638335,232949370,1975-11-16,40.25,105.25,2.4900994
59704715,233208570,1975-12-16,40.25,105.25,1.0692378
59770971,233467770,1976-01-16,40.25,105.25,-1.3673708
59837270,233726970,1976-02-15,40.25,105.25,-1.3471518
59903559,233986170,1976-03-16,40.25,105.25,-1.2192296
59969906,234245370,1976-04-16,40.25,105.25,1.5799233
60036303,234504570,1976-05-16,40.25,105.25,-1.7824974999999998
60102598,234763770,1976-06-16,40.25,105.25,1.240585
60169018,235022970,1976-07-16,40.25,105.25,0.3570423
60235410,235282170,1976-08-16,40.25,105.25,-0.87253004
60301841,235541370,1976-09-16,40.25,105.25,0.4206733
60367952,235800570,1976-10-16,40.25,105.25,0.0016173463
60434313,236059770,1976-11-16,40.25,105.25,-0.9908852
60500667,236318970,1976-12-16,40.25,105.25,0.019844448
60566953,236578170,1977-01-16,40.25,105.25,-0.487596
60633233,236837370,1977-02-15,40.25,105.25,-0.31788698
60699331,237096570,1977-03-16,40.25,105.25,-1.4953839
60765508,237355770,1977-04-16,40.25,105.25,-0.3117547
60831903,237614970,1977-05-16,40.25,105.25,-0.45867664
60898310,237874170,1977-06-16,40.25,105.25,2.2011013
60964742,238133370,1977-07-16,40.25,105.25,2.0730674
61031194,238392570,1977-08-16,40.25,105.25,1.3829033000000002
61097628,238651770,1977-09-16,40.25,105.25,2.3754256
61163950,238910970,1977-10-16,40.25,105.25,1.3590508
61230376,239170170,1977-11-16,40.25,105.25,1.1604377
61296719,239429370,1977-12-16,40.25,105.25,-1.0517459999999998
61363001,239688570,1978-01-16,40.25,105.25,-0.487596
61429200,239947770,1978-02-15,40.25,105.25,1.0019507
61495312,240206970,1978-03-16,40.25,105.25,-0.3172282
61561660,240466170,1978-04-16,40.25,105.25,-0.7915422
61627984,240725370,1978-05-16,40.25,105.25,-1.9037153
61694375,240984570,1978-06-16,40.25,105.25,0.69825566
61760724,241243770,1978-07-16,40.25,105.25,1.0277607
61827081,241502970,1978-08-16,40.25,105.25,0.29849234
61893457,241762170,1978-09-16,40.25,105.25,-0.20796612
61959851,242021370,1978-10-16,40.25,105.25,-0.4397697
62026092,242280570,1978-11-16,40.25,105.25,-1.1141852
62092361,242539770,1978-12-16,40.25,105.25,-1.9288218
62158524,242798970,1979-01-16,40.25,105.25,-1.3673708
62224779,243058170,1979-02-15,40.25,105.25,-2.0501807
62291043,243317370,1979-03-16,40.25,105.25,-0.3918065
62357348,243576570,1979-04-16,40.25,105.25,0.70496637
62423769,243835770,1979-05-16,40.25,105.25,-0.52040124
62490164,244094970,1979-06-16,40.25,105.25,1.6689028
62556560,244354170,1979-07-16,40.25,105.25,2.962678
62622932,244613370,1979-08-16,40.25,105.25,1.6913968
62689367,244872570,1979-09-16,40.25,105.25,-1.6147008
62755791,245131770,1979-10-16,40.25,105.25,-0.9976979
62822199,245390970,1979-11-16,40.25,105.25,0.30306146
62888600,245650170,1979-12-16,40.25,105.25,-1.0517459999999998
62954890,245909370,1980-01-16,40.25,105.25,-1.1175531
63021212,246168570,1980-02-15,40.25,105.25,0.32838735
63087389,246427770,1980-03-16,40.25,105.25,0.8429532
63153677,246686970,1980-04-16,40.25,105.25,-1.0882758999999995
63220059,246946170,1980-05-16,40.25,105.25,0.42170244
63286446,247205370,1980-06-16,40.25,105.25,0.13042653
63352860,247464570,1980-07-16,40.25,105.25,-1.4034728
63419234,247723770,1980-08-16,40.25,105.25,1.7113463
63485666,247982970,1980-09-16,40.25,105.25,-0.646177
63552022,248242170,1980-10-16,40.25,105.25,-1.4060543
63618424,248501370,1980-11-16,40.25,105.25,-1.3826956
63684626,248760570,1980-12-16,40.25,105.25,-1.0517459999999998
63750886,249019770,1981-01-16,40.25,105.25,0.27480614
63816888,249278970,1981-02-15,40.25,105.25,-0.8811704
63883175,249538170,1981-03-16,40.25,105.25,0.5575153
63949512,249797370,1981-04-16,40.25,105.25,-1.1224358
64015934,250056570,1981-05-16,40.25,105.25,-1.8425038
64082297,250315770,1981-06-16,40.25,105.25,-1.2204828
64148729,250574970,1981-07-16,40.25,105.25,0.5028773
64215144,250834170,1981-08-16,40.25,105.25,-1.3180726
64281578,251093370,1981-09-16,40.25,105.25,1.113003
64347998,251352570,1981-10-16,40.25,105.25,0.2300687
64414394,251611770,1981-11-16,40.25,105.25,-0.87384635
64480743,251870970,1981-12-16,40.25,105.25,0.019844448
64546903,252130170,1982-01-16,40.25,105.25,1.3341229
64613059,252389370,1982-02-15,40.25,105.25,-0.31788698
64679319,252648570,1982-03-16,40.25,105.25,-1.4953839
64745662,252907770,1982-04-16,40.25,105.25,-1.1914871
64812087,253166970,1982-05-16,40.25,105.25,0.59197426
64878439,253426170,1982-06-16,40.25,105.25,-0.7243556999999999
64944833,253685370,1982-07-16,40.25,105.25,-1.311849
65011272,253944570,1982-08-16,40.25,105.25,-1.7112485
65077704,254203770,1982-09-16,40.25,105.25,-0.08300774
65144111,254462970,1982-10-16,40.25,105.25,-0.4731398
65210532,254722170,1982-11-16,40.25,105.25,-0.9908852
65276935,254981370,1982-12-16,40.25,105.25,-1.0517459999999998
65343171,255240570,1983-01-16,40.25,105.25,-0.14566383
65409493,255499770,1983-02-15,40.25,105.25,0.32838735
65475785,255758970,1983-03-16,40.25,105.25,1.9935721
65542102,256018170,1983-04-16,40.25,105.25,0.24444498
65608504,256277370,1983-05-16,40.25,105.25,-0.24303372
65674871,256536570,1983-06-16,40.25,105.25,-0.5667603
65741263,256795770,1983-07-16,40.25,105.25,-1.4110942
65807709,257054970,1983-08-16,40.25,105.25,0.43303052
65874118,257314170,1983-09-16,40.25,105.25,-0.0066140997
65940523,257573370,1983-10-16,40.25,105.25,0.8296107
66006782,257832570,1983-11-16,40.25,105.25,-1.3826956
66073168,258091770,1983-12-16,40.25,105.25,-1.0517459999999998
66139458,258350970,1984-01-16,40.25,105.25,-0.8896801999999999
66205776,258610170,1984-02-15,40.25,105.25,1.0019507
66272011,258869370,1984-03-16,40.25,105.25,-0.87113976
66338355,259128570,1984-04-16,40.25,105.25,-1.5900353
66404581,259387770,1984-05-16,40.25,105.25,-0.24303372
66470980,259646970,1984-06-16,40.25,105.25,1.9383647
66537364,259906170,1984-07-16,40.25,105.25,-0.21346255
66603736,260165370,1984-08-16,40.25,105.25,1.7162911
66670156,260424570,1984-09-16,40.25,105.25,-1.2239822
66736581,260683770,1984-10-16,40.25,105.25,-1.1441001
66803006,260942970,1984-11-16,40.25,105.25,-1.2444683
66869394,261202170,1984-12-16,40.25,105.25,1.9028714
66935659,261461370,1985-01-16,40.25,105.25,-1.1175531
67001955,261720570,1985-02-15,40.25,105.25,-0.31788698
67068193,261979770,1985-03-16,40.25,105.25,-1.1301142
67134522,262238970,1985-04-16,40.25,105.25,0.7399084
67200913,262498170,1985-05-16,40.25,105.25,0.6288885000000001
67267262,262757370,1985-06-16,40.25,105.25,0.02028818
67333675,263016570,1985-07-16,40.25,105.25,-0.24296516
67400027,263275770,1985-08-16,40.25,105.25,-0.9334112
67466455,263534970,1985-09-16,40.25,105.25,-0.51463395
67532880,263794170,1985-10-16,40.25,105.25,-1.3304675
67599260,264053370,1985-11-16,40.25,105.25,-1.1141852
67665656,264312570,1985-12-16,40.25,105.25,0.019844448
67731948,264571770,1986-01-16,40.25,105.25,-1.1175531
67798172,264830970,1986-02-15,40.25,105.25,0.32838735
67864358,265090170,1986-03-16,40.25,105.25,-0.10312479
67930662,265349370,1986-04-16,40.25,105.25,-1.5150193
67997072,265608570,1986-05-16,40.25,105.25,0.041436113
68063486,265867770,1986-06-16,40.25,105.25,-1.8046241000000005
68129912,266126970,1986-07-16,40.25,105.25,-1.2735854
68196338,266386170,1986-08-16,40.25,105.25,-0.53435206
68262745,266645370,1986-09-16,40.25,105.25,-1.0121226
68329173,266904570,1986-10-16,40.25,105.25,1.7147249
68395542,267163770,1986-11-16,40.25,105.25,-0.87384635
68461932,267422970,1986-12-16,40.25,105.25,1.0692378
68528216,267682170,1987-01-16,40.25,105.25,-1.3673708
68594521,267941370,1987-02-15,40.25,105.25,-1.7302967
68660741,268200570,1987-03-16,40.25,105.25,-0.17286877
68726966,268459770,1987-04-16,40.25,105.25,-0.63496375
68793320,268718970,1987-05-16,40.25,105.25,-1.0605736
68859665,268978170,1987-06-16,40.25,105.25,1.8649743000000003
68925926,269237370,1987-07-16,40.25,105.25,-1.7292324
68992343,269496570,1987-08-16,40.25,105.25,-0.11472018
69058723,269755770,1987-09-16,40.25,105.25,-0.48893476
69125147,270014970,1987-10-16,40.25,105.25,0.70073724
69191531,270274170,1987-11-16,40.25,105.25,-1.2444683
69257804,270533370,1987-12-16,40.25,105.25,-1.0517459999999998
69324077,270792570,1988-01-16,40.25,105.25,0.9535996
69390255,271051770,1988-02-15,40.25,105.25,0.32838735
69456534,271310970,1988-03-16,40.25,105.25,-0.46795148
69522838,271570170,1988-04-16,40.25,105.25,-1.5523725
69589233,271829370,1988-05-16,40.25,105.25,1.7920111
69655549,272088570,1988-06-16,40.25,105.25,-0.48003128
69721947,272347770,1988-07-16,40.25,105.25,1.0327519
69788402,272606970,1988-08-16,40.25,105.25,-1.2764381
69854827,272866170,1988-09-16,40.25,105.25,-1.6318531
69921226,273125370,1988-10-16,40.25,105.25,-1.2928983
69987639,273384570,1988-11-16,40.25,105.25,0.62790304
70054031,273643770,1988-12-16,40.25,105.25,-1.0517459999999998
70120327,273902970,1989-01-16,40.25,105.25,-0.68040067
70186543,274162170,1989-02-15,40.25,105.25,0.32838735
70252797,274421370,1989-03-16,40.25,105.25,-1.4953839
70319039,274680570,1989-04-16,40.25,105.25,1.3082576
70385465,274939770,1989-05-16,40.25,105.25,-1.8425038
70451879,275198970,1989-06-16,40.25,105.25,-0.7419597
70518305,275458170,1989-07-16,40.25,105.25,-1.8945228
70584718,275717370,1989-08-16,40.25,105.25,-0.07887976
70651132,275976570,1989-09-16,40.25,105.25,1.4052451
70717565,276235770,1989-10-16,40.25,105.25,-1.5590844
70783934,276494970,1989-11-16,40.25,105.25,-0.87384635
70850320,276754170,1989-12-16,40.25,105.25,-1.0517459999999998
70916626,277013370,1990-01-16,40.25,105.25,-1.1175531
70982909,277272570,1990-02-15,40.25,105.25,-0.31788698
71049156,277531770,1990-03-16,40.25,105.25,2.0812342
71115466,277790970,1990-04-16,40.25,105.25,0.45867908
71181881,278050170,1990-05-16,40.25,105.25,0.80131084
71248290,278309370,1990-06-16,40.25,105.25,-1.7693106
71314644,278568570,1990-07-16,40.25,105.25,-0.7042964
71381066,278827770,1990-08-16,40.25,105.25,-1.9476274
71447454,279086970,1990-09-16,40.25,105.25,-1.6318531
71513877,279346170,1990-10-16,40.25,105.25,0.46539098
71580245,279605370,1990-11-16,40.25,105.25,-1.3826956
71646370,279864570,1990-12-16,40.25,105.25,-1.9288218
71712649,280123770,1991-01-16,40.25,105.25,-1.3673708
71778947,280382970,1991-02-15,40.25,105.25,-0.8811704
71845233,280642170,1991-03-16,40.25,105.25,2.2950382
71911541,280901370,1991-04-16,40.25,105.25,1.973548
71977967,281160570,1991-05-16,40.25,105.25,1.4170979
72044295,281419770,1991-06-16,40.25,105.25,-0.7067679
72110718,281678970,1991-07-16,40.25,105.25,-1.1662037
72177168,281938170,1991-08-16,40.25,105.25,-1.2695081
72243606,282197370,1991-09-16,40.25,105.25,-0.094118476
72310038,282456570,1991-10-16,40.25,105.25,0.031158874
72376465,282715770,1991-11-16,40.25,105.25,-1.3826956
72442864,282974970,1991-12-16,40.25,105.25,0.019844448
72509172,283234170,1992-01-16,40.25,105.25,-0.8896801999999999
72575474,283493370,1992-02-15,40.25,105.25,-0.8811704
72641765,283752570,1992-03-16,40.25,105.25,1.5296031
72708100,284011770,1992-04-16,40.25,105.25,-1.7049922
72774527,284270970,1992-05-16,40.25,105.25,0.5668856
72840857,284530170,1992-06-16,40.25,105.25,0.19201718
72907292,284789370,1992-07-16,40.25,105.25,-0.5207795999999999
72973738,285048570,1992-08-16,40.25,105.25,-0.35496536
73040169,285307770,1992-09-16,40.25,105.25,-1.4146069
73106585,285566970,1992-10-16,40.25,105.25,-1.5977486
73173007,285826170,1992-11-16,40.25,105.25,0.76433253
73239410,286085370,1992-12-16,40.25,105.25,-1.0517459999999998
73305719,286344570,1993-01-16,40.25,105.25,-0.14566383
73372039,286603770,1993-02-15,40.25,105.25,-1.3471518
73438330,286862970,1993-03-16,40.25,105.25,-0.78760505
73504650,287122170,1993-04-16,40.25,105.25,-1.2615321000000002
73571078,287381370,1993-05-16,40.25,105.25,0.24840419
73637468,287640570,1993-06-16,40.25,105.25,0.05205316
73703843,287899770,1993-07-16,40.25,105.25,1.1678385
73770286,288158970,1993-08-16,40.25,105.25,1.165842
73836689,288418170,1993-09-16,40.25,105.25,-0.74128324
73903106,288677370,1993-10-16,40.25,105.25,-0.24448113
73969493,288936570,1993-11-16,40.25,105.25,1.7525842
74035889,289195770,1993-12-16,40.25,105.25,0.019844448
74102198,289454970,1994-01-16,40.25,105.25,-1.3673708
74168502,289714170,1994-02-15,40.25,105.25,-0.31788698
74234789,289973370,1994-03-16,40.25,105.25,-0.24424191
74301138,290232570,1994-04-16,40.25,105.25,-0.45499244
74367561,290491770,1994-05-16,40.25,105.25,0.8753892
74433975,290750970,1994-06-16,40.25,105.25,0.73643845
74500402,291010170,1994-07-16,40.25,105.25,1.4535663
74566825,291269370,1994-08-16,40.25,105.25,2.0778725
74633263,291528570,1994-09-16,40.25,105.25,0.76027995
74699517,291787770,1994-10-16,40.25,105.25,0.63291276
74765937,292046970,1994-11-16,40.25,105.25,-1.3826956
74832341,292306170,1994-12-16,40.25,105.25,0.019844448
74898650,292565370,1995-01-16,40.25,105.25,-1.3673708
74964959,292824570,1995-02-15,40.25,105.25,-0.8811704
75031251,293083770,1995-03-16,40.25,105.25,-1.4953839
75097599,293342970,1995-04-16,40.25,105.25,-1.3685292
75164017,293602170,1995-05-16,40.25,105.25,-1.1590087
75230186,293861370,1995-06-16,40.25,105.25,-0.49732134
75296576,294120570,1995-07-16,40.25,105.25,1.0868856000000002
75362964,294379770,1995-08-16,40.25,105.25,0.9132262
75429317,294638970,1995-09-16,40.25,105.25,1.6898766
75495732,294898170,1995-10-16,40.25,105.25,1.3288028
75562157,295157370,1995-11-16,40.25,105.25,-1.2444683
75628558,295416570,1995-12-16,40.25,105.25,-1.0517459999999998
75694743,295675770,1996-01-16,40.25,105.25,-1.1175531
75761012,295934970,1996-02-15,40.25,105.25,-0.8811704
75827283,296194170,1996-03-16,40.25,105.25,1.7281744
75893616,296453370,1996-04-16,40.25,105.25,1.1072811000000002
75959997,296712570,1996-05-16,40.25,105.25,-1.0123034
76026406,296971770,1996-06-16,40.25,105.25,0.25258726
76092786,297230970,1996-07-16,40.25,105.25,1.6863412
76159209,297490170,1996-08-16,40.25,105.25,2.1172779
76225553,297749370,1996-09-16,40.25,105.25,-0.9827266
76291983,298008570,1996-10-16,40.25,105.25,1.2664021
76358406,298267770,1996-11-16,40.25,105.25,0.4200772
76424769,298526970,1996-12-16,40.25,105.25,-1.9288218
76491064,298786170,1997-01-16,40.25,105.25,-0.68040067
76557360,299045370,1997-02-15,40.25,105.25,-0.8811704
76623645,299304570,1997-03-16,40.25,105.25,2.2381237
76689935,299563770,1997-04-16,40.25,105.25,-0.7915422
76756356,299822970,1997-05-16,40.25,105.25,-1.3639169
76822696,300082170,1997-06-16,40.25,105.25,-1.3979086
76889094,300341370,1997-07-16,40.25,105.25,1.2811921
76955509,300600570,1997-08-16,40.25,105.25,-0.6258718000000001
77021922,300859770,1997-09-16,40.25,105.25,-2.1915658
77088319,301118970,1997-10-16,40.25,105.25,-0.9254319
77154706,301378170,1997-11-16,40.25,105.25,1.3012214
77221108,301637370,1997-12-16,40.25,105.25,-1.0517459999999998
77287410,301896570,1998-01-16,40.25,105.25,-0.68040067
77353642,302155770,1998-02-15,40.25,105.25,-0.31788698
77419914,302414970,1998-03-16,40.25,105.25,0.92819977
77486149,302674170,1998-04-16,40.25,105.25,-0.17474507
77552549,302933370,1998-05-16,40.25,105.25,1.7871965
77618853,303192570,1998-06-16,40.25,105.25,1.9706092
77685212,303451770,1998-07-16,40.25,105.25,-0.33216694
77751584,303710970,1998-08-16,40.25,105.25,0.23953229
77817956,303970170,1998-09-16,40.25,105.25,1.2895887
77884385,304229370,1998-10-16,40.25,105.25,0.46539098
77950805,304488570,1998-11-16,40.25,105.25,-1.6887747
78017193,304747770,1998-12-16,40.25,105.25,-1.0517459999999998
78083498,305006970,1999-01-16,40.25,105.25,-1.1175531
78149815,305266170,1999-02-15,40.25,105.25,-1.7302967
78216038,305525370,1999-03-16,40.25,105.25,-1.4018035
78282378,305784570,1999-04-16,40.25,105.25,0.9194938
78348775,306043770,1999-05-16,40.25,105.25,2.1889422
78415159,306302970,1999-06-16,40.25,105.25,-1.9105759
78481582,306562170,1999-07-16,40.25,105.25,0.11555381
78548011,306821370,1999-08-16,40.25,105.25,-2.2711945
78614442,307080570,1999-09-16,40.25,105.25,-0.953542
78680874,307339770,1999-10-16,40.25,105.25,-1.0340685
78747289,307598970,1999-11-16,40.25,105.25,-1.2444683
78813677,307858170,1999-12-16,40.25,105.25,-1.0517459999999998
78879966,308117370,2000-01-16,40.25,105.25,0.39432535
78946246,308376570,2000-02-15,40.25,105.25,-0.31788698
79012466,308635770,2000-03-16,40.25,105.25,-1.6876316000000002
79078738,308894970,2000-04-16,40.25,105.25,-1.5150193
79145156,309154170,2000-05-16,40.25,105.25,-1.966227
79211555,309413370,2000-06-16,40.25,105.25,1.9252762
79277946,309672570,2000-07-16,40.25,105.25,-2.171412
79344340,309931770,2000-08-16,40.25,105.25,0.21233404
79410771,310190970,2000-09-16,40.25,105.25,0.5951713000000001
79477185,310450170,2000-10-16,40.25,105.25,-1.1072716
79543610,310709370,2000-11-16,40.25,105.25,0.24083386
79610013,310968570,2000-12-16,40.25,105.25,-1.9288218
79676251,311227770,2001-01-16,40.25,105.25,-0.8896801999999999
79742560,311486970,2001-02-15,40.25,105.25,-1.7302967
79808650,311746170,2001-03-16,40.25,105.25,-1.6876316000000002
79874918,312005370,2001-04-16,40.25,105.25,-0.7915422
79941294,312264570,2001-05-16,40.25,105.25,-0.45867664
80007702,312523770,2001-06-16,40.25,105.25,-2.2830126
80074120,312782970,2001-07-16,40.25,105.25,-1.4719869
80140546,313042170,2001-08-16,40.25,105.25,0.23411249
80206962,313301370,2001-09-16,40.25,105.25,1.7272002
80273394,313560570,2001-10-16,40.25,105.25,1.1159606000000002
80339820,313819770,2001-11-16,40.25,105.25,-1.2444683
80406200,314078970,2001-12-16,40.25,105.25,0.019844448
80472436,314338170,2002-01-16,40.25,105.25,-1.3673708
80538759,314597370,2002-02-15,40.25,105.25,-1.7302967
80604945,314856570,2002-03-16,40.25,105.25,0.45140454
80671255,315115770,2002-04-16,40.25,105.25,2.2055886
80737657,315374970,2002-05-16,40.25,105.25,1.984377
80804079,315634170,2002-06-16,40.25,105.25,1.6298256000000002
80870391,315893370,2002-07-16,40.25,105.25,-1.2045928
80936836,316152570,2002-08-16,40.25,105.25,-2.4458911
81003213,316411770,2002-09-16,40.25,105.25,0.7885201000000001
81069611,316670970,2002-10-16,40.25,105.25,-1.2928983
81135920,316930170,2002-11-16,40.25,105.25,-1.2444683
81202282,317189370,2002-12-16,40.25,105.25,1.0692378
81268515,317448570,2003-01-16,40.25,105.25,-0.487596
81334812,317707770,2003-02-15,40.25,105.25,-0.31788698
81401094,317966970,2003-03-16,40.25,105.25,1.6574235000000002
81467414,318226170,2003-04-16,40.25,105.25,0.53815275
81533835,318485370,2003-05-16,40.25,105.25,2.057373
81600219,318744570,2003-06-16,40.25,105.25,1.0860413
81666620,319003770,2003-07-16,40.25,105.25,-0.017852355
81733046,319262970,2003-08-16,40.25,105.25,-0.6390351
81799480,319522170,2003-09-16,40.25,105.25,1.7272002
81865894,319781370,2003-10-16,40.25,105.25,0.49013707
81932305,320040570,2003-11-16,40.25,105.25,0.17593938
81998703,320299770,2003-12-16,40.25,105.25,0.019844448
82065007,320558970,2004-01-16,40.25,105.25,-0.8896801999999999
82131330,320818170,2004-02-15,40.25,105.25,-2.0501807
82197579,321077370,2004-03-16,40.25,105.25,-0.3918065
82263900,321336570,2004-04-16,40.25,105.25,-1.3685292
82330225,321595770,2004-05-16,40.25,105.25,-0.24303372
82396624,321854970,2004-06-16,40.25,105.25,0.02028818
82462970,322114170,2004-07-16,40.25,105.25,-0.79657334
82529399,322373370,2004-08-16,40.25,105.25,1.2040542
82595836,322632570,2004-09-16,40.25,105.25,1.0905644
82662268,322891770,2004-10-16,40.25,105.25,0.14652124
82728691,323150970,2004-11-16,40.25,105.25,-0.76251185
82795003,323410170,2004-12-16,40.25,105.25,0.019844448
82861309,323669370,2005-01-16,40.25,105.25,-0.8896801999999999
82927537,323928570,2005-02-15,40.25,105.25,1.6481715
82993802,324187770,2005-03-16,40.25,105.25,-1.1301142
83060130,324446970,2005-04-16,40.25,105.25,-1.7440087
83126544,324706170,2005-05-16,40.25,105.25,1.7775008999999995
83192870,324965370,2005-06-16,40.25,105.25,-2.1761467
83259262,325224570,2005-07-16,40.25,105.25,1.0917376
83325654,325483770,2005-08-16,40.25,105.25,-0.07887976
83392004,325742970,2005-09-16,40.25,105.25,1.7793267
83458436,326002170,2005-10-16,40.25,105.25,-0.21279587
83524864,326261370,2005-11-16,40.25,105.25,-1.530181
83591231,326520570,2005-12-16,40.25,105.25,0.019844448
83657413,326779770,2006-01-16,40.25,105.25,2.1694267000000003
83723701,327038970,2006-02-15,40.25,105.25,-0.31788698
83789982,327298170,2006-03-16,40.25,105.25,-1.8877149
83856319,327557370,2006-04-16,40.25,105.25,-1.0543568
83922744,327816570,2006-05-16,40.25,105.25,1.7478695
83989141,328075770,2006-06-16,40.25,105.25,-0.5146403
84055546,328334970,2006-07-16,40.25,105.25,-0.3621132
84121946,328594170,2006-08-16,40.25,105.25,0.66827434
84188325,328853370,2006-09-16,40.25,105.25,0.8093610999999999
84254754,329112570,2006-10-16,40.25,105.25,-1.8735974
84321103,329371770,2006-11-16,40.25,105.25,1.3012214
84387490,329630970,2006-12-16,40.25,105.25,0.019844448
84453787,329890170,2007-01-16,40.25,105.25,-1.3673708
84520054,330149370,2007-02-15,40.25,105.25,-2.0501807
84586325,330408570,2007-03-16,40.25,105.25,2.0642426
84652645,330667770,2007-04-16,40.25,105.25,-0.7597519
84719073,330926970,2007-05-16,40.25,105.25,-1.3903363000000002
84785474,331186170,2007-06-16,40.25,105.25,1.3085624
84851890,331445370,2007-07-16,40.25,105.25,0.40853927
84918345,331704570,2007-08-16,40.25,105.25,-0.705163
84984774,331963770,2007-09-16,40.25,105.25,1.1018308
85051176,332222970,2007-10-16,40.25,105.25,1.9672732
85117597,332482170,2007-11-16,40.25,105.25,-1.3826956
85183979,332741370,2007-12-16,40.25,105.25,0.019844448
85250287,333000570,2008-01-16,40.25,105.25,2.2116368
85316609,333259770,2008-02-15,40.25,105.25,1.6481715
85382601,333518970,2008-03-16,40.25,105.25,-0.5456344
85448934,333778170,2008-04-16,40.25,105.25,0.47886905
85515353,334037370,2008-05-16,40.25,105.25,-1.6945689999999998
85581659,334296570,2008-06-16,40.25,105.25,-0.6891972
85648086,334555770,2008-07-16,40.25,105.25,1.3247286
85714531,334814970,2008-08-16,40.25,105.25,0.7044617
85780907,335074170,2008-09-16,40.25,105.25,1.3784689
85847338,335333370,2008-10-16,40.25,105.25,1.2013266000000002
85913719,335592570,2008-11-16,40.25,105.25,-0.27828220000000004
85980088,335851770,2008-12-16,40.25,105.25,-1.9288218
86046369,336110970,2009-01-16,40.25,105.25,0.5050566
86112688,336370170,2009-02-15,40.25,105.25,-2.0501807
86178948,336629370,2009-03-16,40.25,105.25,-1.5906166000000002
86245219,336888570,2009-04-16,40.25,105.25,-1.3326001
86311648,337147770,2009-05-16,40.25,105.25,0.9059943
86378005,337406970,2009-06-16,40.25,105.25,-2.4445243
86444375,337666170,2009-07-16,40.25,105.25,0.6943076
86510519,337925370,2009-08-16,40.25,105.25,-0.11472018
86576914,338184570,2009-09-16,40.25,105.25,1.665456
86643329,338443770,2009-10-16,40.25,105.25,-1.9138445
86709757,338702970,2009-11-16,40.25,105.25,1.8589361
86776091,338962170,2009-12-16,40.25,105.25,0.019844448
86842256,339221370,2010-01-16,40.25,105.25,-1.1175531
86908295,339480570,2010-02-15,40.25,105.25,0.32838735
86974484,339739770,2010-03-16,40.25,105.25,0.8429532
87040768,339998970,2010-04-16,40.25,105.25,-0.8235684999999999
87107195,340258170,2010-05-16,40.25,105.25,1.8157591
87173584,340517370,2010-06-16,40.25,105.25,0.13042653
87239974,340776570,2010-07-16,40.25,105.25,-1.7292324
87306401,341035770,2010-08-16,40.25,105.25,-1.5416887
87372691,341294970,2010-09-16,40.25,105.25,1.7825035
87439029,341554170,2010-10-16,40.25,105.25,-0.9976979
87505360,341813370,2010-11-16,40.25,105.25,-1.2444683
87571658,342072570,2010-12-16,40.25,105.25,-1.9288218
87637951,342331770,2011-01-16,40.25,105.25,-0.487596
87704265,342590970,2011-02-15,40.25,105.25,-0.31788698
87770536,342850170,2011-03-16,40.25,105.25,-1.4018035
87836844,343109370,2011-04-16,40.25,105.25,-1.7833974
87903264,343368570,2011-05-16,40.25,105.25,-1.2600709
87969678,343627770,2011-06-16,40.25,105.25,1.1284856
88036097,343886970,2011-07-16,40.25,105.25,-2.2088156000000003
88102540,344146170,2011-08-16,40.25,105.25,-0.14482622
88168943,344405370,2011-09-16,40.25,105.25,0.21809657
88235376,344664570,2011-10-16,40.25,105.25,1.7603587
88301789,344923770,2011-11-16,40.25,105.25,0.108229116
88368183,345182970,2011-12-16,40.25,105.25,1.0692378
88434492,345442170,2012-01-16,40.25,105.25,-0.68040067
88500817,345701370,2012-02-15,40.25,105.25,0.32838735
88567104,345960570,2012-03-16,40.25,105.25,0.28094673
88633441,346219770,2012-04-16,40.25,105.25,-1.7049922
88699847,346478970,2012-05-16,40.25,105.25,0.8958665000000001
88766247,346738170,2012-06-16,40.25,105.25,-0.3089453
88832644,346997370,2012-07-16,40.25,105.25,1.3117725
88899071,347256570,2012-08-16,40.25,105.25,-1.2764381
88965485,347515770,2012-09-16,40.25,105.25,1.7305316000000002
89031854,347774970,2012-10-16,40.25,105.25,0.44036826
89098258,348034170,2012-11-16,40.25,105.25,0.108229116
89164651,348293370,2012-12-16,40.25,105.25,-1.0517459999999998
89230957,348552570,2013-01-16,40.25,105.25,-1.3673708
89297253,348811770,2013-02-15,40.25,105.25,-1.7302967
89363493,349070970,2013-03-16,40.25,105.25,-1.9912484
89429800,349330170,2013-04-16,40.25,105.25,-1.7833974
89496170,349589370,2013-05-16,40.25,105.25,0.42170244
89562567,349848570,2013-06-16,40.25,105.25,1.0967389
89628919,350107770,2013-07-16,40.25,105.25,-1.2276063999999998
89695370,350366970,2013-08-16,40.25,105.25,-1.6474605
89761716,350626170,2013-09-16,40.25,105.25,-0.20796612
89828137,350885370,2013-10-16,40.25,105.25,-1.1441001
89894545,351144570,2013-11-16,40.25,105.25,-0.9908852
89960942,351403770,2013-12-16,40.25,105.25,-1.9288218
90027249,351662970,2014-01-16,40.25,105.25,-1.9610839
90093566,351922170,2014-02-15,40.25,105.25,0.32838735
90159846,352181370,2014-03-16,40.25,105.25,-1.9912484
90226140,352440570,2014-04-16,40.25,105.25,1.8395445
90292563,352699770,2014-05-16,40.25,105.25,0.9059943
90358978,352958970,2014-06-16,40.25,105.25,2.1049263
90425395,353218170,2014-07-16,40.25,105.25,-1.3882233
90491838,353477370,2014-08-16,40.25,105.25,0.5607994000000001
90558226,353736570,2014-09-16,40.25,105.25,1.6368792
90624657,353995770,2014-10-16,40.25,105.25,0.988309
90691080,354254970,2014-11-16,40.25,105.25,-0.11339242
90757468,354514170,2014-12-16,40.25,105.25,-1.0517459999999998
90823771,354773370,2015-01-16,40.25,105.25,-1.3673708
90890040,355032570,2015-02-15,40.25,105.25,-1.7302967
90956299,355291770,2015-03-16,40.25,105.25,-1.9912484
91022633,355550970,2015-04-16,40.25,105.25,2.4681265
91088989,355810170,2015-05-16,40.25,105.25,-1.3639169
91155404,356069370,2015-06-16,40.25,105.25,-0.19150805
91221751,356328570,2015-07-16,40.25,105.25,1.0820222
91288186,356587770,2015-08-16,40.25,105.25,-2.0712829
91354613,356846970,2015-09-16,40.25,105.25,1.7600688000000002
91421015,357106170,2015-10-16,40.25,105.25,-0.4397697
91487439,357365370,2015-11-16,40.25,105.25,1.914245
91553839,357624570,2015-12-16,40.25,105.25,-1.0517459999999998
