Year,Afghanistan,Albania,Algeria,American Samoa,Andorra,Angola,Antigua and Barbuda,Argentina,Armenia,Aruba,Australia,Austria,Azerbaijan,"Bahamas, The",Bahrain,Bangladesh,Barbados,Belarus,Belgium,Belize,Benin,Bermuda,Bhutan,Bolivia,Bosnia and Herzegovina,Botswana,Brazil,Brunei Darussalam,Bulgaria,Burkina Faso,Burundi,Cambodia,Cameroon,Canada,Cape Verde,Cayman Islands,Central African Republic,Chad,Channel Islands,Chile,China,Colombia,Comoros,"Congo, Dem. Rep.","Congo, Rep.",Cook Islands,Costa Rica,Cote d'Ivoire,Croatia,Cuba,Curacao,Cyprus,Czech Republic,Denmark,Djibouti,Dominica,Dominican Republic,East Asia & Pacific,Ecuador,"Egypt, Arab Rep.",El Salvador,Equatorial Guinea,Eritrea,Estonia,Ethiopia,Euro area,Europe & Central Asia,Faeroe Islands,Fiji,Finland,France,French Polynesia,Gabon,"Gambia, The",Georgia,Germany,Ghana,Gibraltar,Greece,Greenland,Grenada,Guam,Guatemala,Guinea,Guinea-Bissau,Guyana,Haiti,High income,Honduras,"Hong Kong SAR, China",Hungary,Iceland,India,Indonesia,"Iran, Islamic Rep.",Iraq,Ireland,Isle of Man,Israel,Italy,Jamaica,Japan,Jordan,Kazakhstan,Kenya,Kiribati,"Korea, Dem. Rep.","Korea, Rep.",Kosovo,Kuwait,Kyrgyz Republic,Lao PDR,Latin America & Caribbean,Latvia,Lebanon,Lesotho,Liberia,Libya,Liechtenstein,Lithuania,Low & middle income,Low income,Lower middle income,Luxembourg,"Macao SAR, China","Macedonia, FYR",Madagascar,Malawi,Malaysia,Maldives,Mali,Malta,Marshall Islands,Mauritania,Mauritius,Mayotte,Mexico,"Micronesia, Fed. Sts.",Middle East & North Africa,Middle income,Moldova,Monaco,Mongolia,Montenegro,Morocco,Mozambique,Myanmar,Namibia,Nauru,Nepal,Netherlands,New Caledonia,New Zealand,Nicaragua,Niger,Nigeria,Niue,Northern Mariana Islands,Norway,Oman,Pakistan,Palau,Panama,Papua New Guinea,Paraguay,Peru,Philippines,Poland,Portugal,Puerto Rico,Qatar,Romania,Russian Federation,Rwanda,Samoa,San Marino,Sao Tome and Principe,Saudi Arabia,Senegal,Serbia,Seychelles,Sierra Leone,Singapore,Sint Maarten (Dutch part),Slovak Republic,Slovenia,Small island developing states,Solomon Islands,Somalia,South Africa,South Asia,Spain,Sri Lanka,St. Kitts and Nevis,St. Lucia,St. Martin (French part),St. Vincent and the Grenadines,Sub-Saharan Africa,Sudan,Suriname,Swaziland,Sweden,Switzerland,Syrian Arab Republic,Tajikistan,Tanzania,Thailand,Timor-Leste,Togo,Tonga,Trinidad and Tobago,Tunisia,Turkey,Turkmenistan,Turks and Caicos Islands,Tuvalu,Uganda,Ukraine,United Arab Emirates,United Kingdom,United States,Upper middle income,Uruguay,Uzbekistan,Vanuatu,"Venezuela, RB",Vietnam,Virgin Islands (U.S.),West Bank and Gaza,World,"Yemen, Rep.",Zambia,Zimbabwe
1990,0.000140715,0.003434951,0.00488017,0,0,0.009252632,0.004834153,0.008029585,0.001041387,0.029620641,0.027285961,0.009872413,0.002793155,0.007616676,0.027831807,0.001114763,0.004140373,0.003277279,0.013083679,0.00164918,0.001939556,0.009879686,0.000229803,0.006506137,0.001836522,0.009767203,0.004532108,0.042219205,0.011656699,6.29E-05,5.43E-05,0.002032395,0.002115684,0.020182332,0.000252777,0.009713721,6.75E-05,2.44E-05,0,0.003956825,0.003358553,0.003877652,0.000175865,0.005157386,0.004908493,0.00124912,0.002773204,0.001959271,0.002833745,0.005167528,0,0.006963324,0.00281376,0.012920846,0.000710848,0.000827228,0.002426821,0.003212916,0.003226287,0.00203367,0.001228264,0.000323657,0.000922048,0.003328489,0.001404568,0.007566492,0.003786815,0.013107994,0.001122669,0.013717201,0.009403857,0.003228142,0.014265102,0.000197365,0.001623449,0.00247879,0.001105568,0.003907641,0.00856987,0.010024892,0.001257911,0,0.001375238,0.00018337,0.000248868,0.001573166,0.000682897,0.013501076,0.001802415,0.005192091,0.008018491,0.011059086,0.001622975,0.002234605,0.006060184,0.004714408,0.01483127,0,0.00787863,0.008842395,0.004002521,0.009697201,0.003700246,0.005967433,0.001407316,0.000306243,0.013649044,0.0066523,0,0.025017749,0.002119444,5.60E-05,0.004794088,0.003145168,0.003444893,0,0.000227561,0.014758051,0,0.003485479,0.003806445,0.002029762,0.002338293,0.029523284,0.002874807,0.001632124,8.74E-05,6.53E-05,0.005388334,0.000701741,4.86E-05,0.006606383,0.001008099,0.001335928,0.001384232,0,0.005529704,0,0.003812954,0.004042049,0.001574756,0,0.010590719,0,0.001527524,0.001678945,0.003267152,0.004256578,0.014416512,0.001279294,0.014113883,0.00966953,0.01773678,0.00253388,0.000106881,0.001865623,0.001571796,0,0.01124193,0.008945637,0.001592801,0.015553582,0.002863368,0.000515081,0.00621143,0.001879699,0.001533952,0.013275799,0.00590761,0,0.031866658,0.009347778,0.005646328,9.59E-05,0.000772919,0,0.000568444,0.01544992,0.001579167,0.003148115,0.001623957,9.76E-05,0.015849349,0,0.00223693,0.002399279,0.004548378,0.000521273,2.78E-06,0.011533876,0.0015306,0.007337631,0.000981646,0.001570637,0.001230537,0,0.000750812,0.002703403,0.003230797,0.004452058,0.000492929,0.008135608,0.007680652,0.004506714,0.001069854,0.00194893,0.003398575,0,0.001564486,0.000809322,0.02039646,0.002358323,0.004132978,0.008632116,0,0,4.62E-05,0.003381461,0.037264733,0.012980947,0.023361157,0.005507615,0.008305484,0.002003272,0.000475143,0.009722432,0.00139755,0,0,0.00605852,0.000243877,0.008277169,0.003142529
1991,0.000126777,0.001206479,0.003141418,0,0,0.000409949,0.004674762,0.003536073,0,0.029838835,0.01628849,0.008448456,0,0.006832264,0.022703216,0.000147913,0.00463391,0,0.01175258,0.001852402,0.000167963,0.008355951,0.000336515,0.000848156,0,0.001509488,0.001441571,0.022424157,0.006916832,6.55E-05,6.02E-05,4.68E-05,8.87E-05,0.015939889,0.000257764,0.010050981,6.83E-05,1.12E-05,0,0.002456715,0.002245901,0.001687471,0.00017167,9.92E-05,0.000515545,0.001240948,0.001060213,0.000435365,0,0.002781368,0,0.006054006,0,0.011919529,0.000687199,0.000828209,0.001380903,0.002020088,0.001571147,0.001358284,0.000596798,0.000521775,0,0,5.97E-05,0.008880847,0,0.012640792,0.00091767,0.010947611,0.007316197,0.003198863,0.001539968,0.00019777,0,0.012010303,0.000265817,0.003950188,0.006590235,0.009910811,0.001255718,0,0.000553398,0.000176605,0.000247429,0.001551047,0.000137131,0.011921874,0.0005369,0.005022999,0.006115202,0.007845674,0.000851502,0.00095881,0.004168702,0.002535027,0.009390857,0,0.006933883,0.007645967,0.003397174,0.008881454,0.002763956,0,0.000199687,0.000300726,0.012271244,0.006203932,0,0.005208899,0,5.87E-05,0.002252215,0,0.003138579,0,0.000136766,0.009608918,0,0,0.002271417,0.000647485,0.001193126,0.027469336,0.002957474,0,9.25E-05,6.89E-05,0.003666456,0.000763589,4.92E-05,0.006057929,0.001059192,0.001341287,0.001426707,0,0.003917269,0,0.002586103,0.002489368,0,0,0.005482871,0,0.000989618,7.40E-05,0.000104887,1.00E-05,0.014112893,4.91E-05,0.011460166,0.010393955,0.006998052,0.000490188,0.000102212,0.000452534,0.001599913,0,0.007514351,0.005623742,0.000593571,0.015169543,0.00137545,0.000484455,0.000512869,0.000922963,0.000725771,0.009454766,0.004855499,0,0.036599686,0.005931889,0,9.18E-05,0.00076723,0,0.000587898,0.016105551,0.000459016,0,0.002021243,0.000117482,0.015127208,0,0,0,0.003605746,0.000506792,5.57E-07,0.009638386,0.000723666,0.006037137,0.000231606,0.001754545,0.001267272,0,0.000714649,0.000896866,0.000198337,0.005087494,0.000367747,0.006428973,0.006227968,0.003403701,0,9.25E-05,0.002012571,0,0.000225044,0.000961912,0.017193279,0.001862111,0.002756532,0,0,0,4.65E-05,0,0.02985155,0.010340607,0.019251398,0.00361197,0.001454555,0,0.000437732,0.005715741,0.000319024,0,0,0.004267747,0.000806199,0.000299524,0.001472161
1992,7.01E-05,0.00073071,0.003097444,0,0,0.000401597,0.004597975,0.003620969,0.001067169,0.025239288,0.016830891,0.007777838,0.005983837,0.006747277,0.020377867,0.000161018,0.003749345,0.008563752,0.011386135,0.001787432,0.000177308,0.006672738,0.000395993,0.000953271,0.001001777,0.002250378,0.001427757,0.021771584,0.00627641,6.41E-05,5.47E-05,4.67E-05,0.000294612,0.016397456,0.000281515,0.00970714,7.01E-05,1.38E-05,0,0.002494286,0.002314207,0.00179867,0.000167583,9.18E-05,0.000624215,0.001228544,0.001175769,0.00034555,0.003678485,0.002921406,0,0.006590192,0.013520419,0.010547058,0.000697081,0.000826809,0.001497051,0.002090029,0.002079451,0.00137726,0.000623561,0.000541095,0,0.015022022,5.73E-05,0.008635643,0.009829773,0.01433355,0.000985228,0.009743514,0.006762558,0.003171756,0.002149249,0.000191553,0.00314669,0.011514273,0.00026163,0.003391351,0.007280958,0.008753056,0.001321605,0,0.000643923,0.000166155,0.000245889,0.001454405,0.000122515,0.011909151,0.000595622,0.005763016,0.005662462,0.007246925,0.000887648,0.001063322,0.004336453,0.003206495,0.008806131,0,0.008100613,0.007622833,0.003341556,0.009045074,0.00328586,0.015895446,0.000221259,0.000296271,0.012277006,0.006563193,0,1.7976931348623157e+308,0.002389277,6.28E-05,0.002260864,0.005338884,0.003627429,0,0.000141026,0.008996,0,0.005987121,0.002322447,0.00064645,0.001277219,0.030098994,0.00287238,0.005571787,8.73E-05,6.78E-05,0.003920945,0.001091765,4.89E-05,0.006161933,0.001114161,0.001397141,0.001580779,0,0.003914726,0,0.002696537,0.002550162,0.005654239,0,0.00491949,0,0.001014002,6.99E-05,0.000120918,9.70E-06,0.014216157,6.64E-05,0.011076138,0.010022199,0.00741042,0.000575929,9.45E-05,0.000633355,0.001622566,0,0.006923533,0.005955287,0.00061681,0.007152196,0.001595072,0.000470041,0.000587242,0.000904016,0.000778269,0.00931281,0.005256659,0,0.054899392,0.005487868,0.014935338,9.89E-05,0.000783595,0,0.000606943,0.016685428,0.000452718,0,0.002302846,0.000118868,0.01555924,0,0.008602057,0.006496133,0.003659999,0.000492622,1.68E-06,0.008853793,0.000754265,0.006273681,0.000285035,0.001763611,0.001497269,0,0.000781297,0.00087944,0.000170678,0.005043101,0.000290725,0.006591124,0.006301906,0.003401613,0.001308262,8.67E-05,0.002178247,0,0.00021872,0.000922264,0.017010083,0.001769597,0.002758232,0.007230143,0,0,4.55E-05,0.012304463,0.028864884,0.010202315,0.019008733,0.003661169,0.001639412,0.005315603,0.000425105,0.005124818,0.000327056,0,0,0.004127059,0.001090354,0.000296995,0.001535679
1993,6.54E-05,0.0007266,0.003035509,0,0,0.000510141,0.004721604,0.003490348,0.00086932,0.024405233,0.017100628,0.007342097,0.005775219,0.006339674,0.028441254,0.000154531,0.004256708,0.007271325,0.010801187,0.001842444,0.000214174,0.007875033,0.000350288,0.001126063,0.000889482,0.002330168,0.001469806,0.020368435,0.008183227,6.20E-05,5.69E-05,4.52E-05,0.000294489,0.01657522,0.000273934,0.009632673,7.07E-05,1.50E-05,0,0.002605185,0.002442801,0.001821594,0.000163578,8.30E-05,0.000596463,0.001215244,0.001196649,0.000426394,0.003540552,0.00271966,0,0.0069188,0.012773626,0.011049761,0.000710878,0.000875781,0.001564622,0.002205205,0.002208265,0.001552079,0.00069675,0.000248172,0,0.012468782,9.65E-05,0.008377932,0.008940722,0.013296576,0.001024843,0.01025182,0.006599965,0.003128086,0.003206513,0.00019635,0.002026478,0.011230538,0.000289617,0.012293129,0.007227837,0.009101069,0.001456166,0,0.000591577,0.000160629,0.000257865,0.001456867,8.76E-05,0.012116247,0.000537211,0.005953205,0.005804876,0.007548071,0.00090545,0.001129571,0.003964051,0.0033781,0.0087803,0,0.008581658,0.007437269,0.003447638,0.008902433,0.003098135,0.013539483,0.000245588,0.000292475,0.012397187,0.007197328,0,1.7976931348623157e+308,0.001828253,6.12E-05,0.002295517,0.004666704,0.003587112,0,0.000158917,0.009271504,0,0.004750273,0.002282576,0.000639954,0.00123306,0.027225151,0.003084449,0.005318475,8.67E-05,7.13E-05,0.004655675,0.000910554,4.88E-05,0.007211569,0.001245783,0.001367331,0.001617892,0,0.003831701,0,0.002651333,0.002507884,0.004218287,0,0.00410093,0,0.001080811,7.26E-05,0.000130357,1.18E-05,0.013960181,7.14E-05,0.011267091,0.009747953,0.007141627,0.000519815,0.000102591,0.00057239,0.001642185,0,0.007262565,0.006373097,0.000644536,0.006730499,0.001606836,0.000445283,0.000645215,0.001025092,0.000775084,0.009166117,0.004759673,0,0.062517044,0.005367308,0.013668389,0.000107232,0.000777038,0,0.000595597,0.017849115,0.000454027,0,0.002219019,0.000128216,0.016486283,0,0.007694736,0.006669137,0.003645677,0.000467952,1.69E-06,0.009141031,0.000769196,0.005791216,0.000273507,0.002038193,0.001625025,0,0.000950255,0.000890356,0.000101656,0.005079917,0.000142497,0.006096105,0.00591276,0.003506064,0.000921994,9.37E-05,0.002429722,0,0.000222042,0.00107468,0.013525783,0.001906057,0.002883772,0.006929966,0,0,4.20E-05,0.010466077,0.031097802,0.009832586,0.019881136,0.003629159,0.001405841,0.005402065,0.000412907,0.005887756,0.000329819,0,0,0.004070022,0.000680109,0.00029497,0.001441422
1994,6.07E-05,0.000606661,0.003111609,0,0,0.000331321,0.004659466,0.003583651,0.000901555,0.022977867,0.01702367,0.007263011,0.005578937,0.006244229,0.027973425,0.000164867,0.002848296,0.006445128,0.011201178,0.001772673,0.000231147,0.007716852,0.000406341,0.00121945,0.001048612,0.002269327,0.001519173,0.01918023,0.006621033,6.21E-05,5.67E-05,4.96E-05,0.0002809,0.015611882,0.000285665,0.009215033,7.23E-05,1.51E-05,0,0.002832214,0.002565994,0.001887588,0.000159633,5.81E-05,0.000808162,0.001205457,0.001556946,0.000368399,0.003629147,0.002968326,0,0.00694238,0.012353774,0.011756944,0.000699651,0.000976496,0.001630473,0.002298844,0.001220512,0.001397835,0.000782111,8.57E-05,5.75E-05,0.012755545,5.43E-05,0.008330878,0.007798269,0.011828495,0.001082297,0.011674736,0.006241405,0.002686345,0.003174781,0.000190889,0.001251348,0.011085212,0.000306343,0.014677156,0.007425736,0.009117946,0.001661565,0,0.000698688,0.000169451,0.000252667,0.001837154,3.89E-05,0.01215774,0.000613336,0.005207585,0.005613937,0.007554571,0.000944561,0.001126852,0.005045935,0.003691022,0.009155433,0,0.008727718,0.007250699,0.003508988,0.00939629,0.00335741,0.012394284,0.000246092,0.000288786,0.012092451,0.00765646,0,1.7976931348623157e+308,0.001335143,6.43E-05,0.002360915,0.004422563,0.003786995,0,0.000156393,0.008931411,0,0.004745647,0.002235425,0.000613029,0.001187095,0.025364346,0.003274892,0.005358219,0.000103429,7.35E-05,0.00465275,0.000904479,4.83E-05,0.007108817,0.001305369,0.001401997,0.001459552,0,0.003996239,0,0.002910475,0.00246011,0.003272902,0,0.00347892,0,0.001117509,6.95E-05,0.000150289,1.83E-05,0.013756362,8.06E-05,0.01123097,0.009211069,0.007303409,0.000563494,9.84E-05,0.000434228,0.001663793,0,0.006744452,0.006995902,0.00068352,0.006546656,0.001823082,0.000474787,0.000746655,0.000992562,0.000831131,0.008721583,0.004877719,0,0.061041864,0.005138736,0.011817754,0.000109718,0.000726086,0,0.000584438,0.017144135,0.000479138,0,0.002529834,0.000148925,0.019119024,0,0.007546176,0.005660259,0.004007055,0.000444358,1.70E-06,0.009375638,0.000803593,0.006226209,0.000299,0.00213688,0.001850346,0,0.00111955,0.00087142,0.00015134,0.005030272,0.000512539,0.006427179,0.005929383,0.003514485,0.000413612,8.42E-05,0.002676942,0,0.000209001,0.001111317,0.015844484,0.00180825,0.002791506,0.008173836,0,0,3.69E-05,0.008609438,0.032750397,0.009742821,0.019865678,0.003588015,0.001270709,0.004959635,0.000401853,0.006020826,0.000371388,0,0,0.004088148,0.000782346,0.000278423,0.001538431
1995,5.65E-05,0.001854197,0.005513615,0,0.006291241,0.007388792,0.004701145,0.007713646,0.001980652,0.022233096,0.026460715,0.00942696,0.005794216,0.006186508,0.032205547,0.001073526,0.003146134,0.008439119,0.013015459,0.001744577,0.001687173,0.007547958,0.00048084,0.006135919,0.0017908,0.008407717,0.004927762,0.041695733,0.009134667,5.86E-05,5.48E-05,0.001925724,0.002575471,0.021085057,0.000287829,0.008834258,7.05E-05,1.47E-05,0,0.004461293,0.003979346,0.00365218,0.000163147,0.003578777,0.003953337,0.001201835,0.002796782,0.001756085,0.005100493,0.003976398,0,0.00761231,0.014547475,0.013557223,0.000684778,0.001130458,0.003123926,0.003758498,0.003723614,0.002261195,0.001602815,0.000298314,0.000959354,0.013711707,0.001190102,0.010502155,0.010269154,0.014589403,0.001144089,0.013531321,0.009005492,0.002701846,0.011273779,0.000192112,0.001716788,0.013180276,0.001092832,0.013241396,0.008720162,0.009068925,0.001720685,0,0.001536963,0.000165289,0.000250898,0.002035042,0.00067907,0.014664284,0.00190678,0.005557827,0.007119925,0.009903892,0.001772012,0.002492753,0.006831707,0.00441493,0.015328603,0,0.010508337,0.009036524,0.004666122,0.010217363,0.003668272,0.014459848,0.001307554,0.000284823,0.012912029,0.009228146,0,0.037332677,0.002112364,6.58E-05,0.004856206,0.005566511,0.004331981,0,0.000159314,0.013069372,0,0.006724827,0.003705941,0.001761635,0.002311331,0.024648416,0.00312006,0.006665678,1.00E-04,7.38E-05,0.008326871,0.001105797,4.78E-05,0.0077025,0.001294032,0.001302299,0.001630203,0,0.005271864,0,0.004152204,0.00397785,0.004492065,0,0.009567577,0,0.001593702,0.001256476,0.003339074,0.004415488,0.01397653,0.00123307,0.014371019,0.008968,0.017763429,0.002231932,0.000100279,0.001777177,0.001691421,0,0.011990833,0.010063008,0.001627535,0.006588443,0.002795277,0.000432362,0.00602278,0.001896834,0.001690822,0.012022112,0.00679972,0,0.069533742,0.007395581,0.015443257,0.00010994,0.000784585,0,0.000601923,0.01493123,0.001472478,0.001778204,0.00253219,0.000150504,0.014189232,0,0.009603853,0.009371098,0.004330904,0.000452711,1.69E-06,0.010960191,0.001639373,0.007970139,0.00105946,0.002325415,0.002143162,0,0.001221349,0.002382768,0.003132047,0.005005196,0.000471889,0.008081531,0.006729662,0.00501342,0.001280336,0.001671312,0.004770113,0,0.001324864,0.001147049,0.022149955,0.002569254,0.004380264,0.012693462,0.000717472,0,4.59E-05,0.011192639,0.037436205,0.012399177,0.023284951,0.005465079,0.009271476,0.006205687,0.000392279,0.009758716,0.001532679,0,0,0.005750122,0.001180021,0.006079717,0.002462139
1996,5.18E-05,0.000647964,0.003354544,0,0.00652141,0.000842489,0.004580497,0.003661896,0.000821906,0.021807148,0.017981537,0.007665513,0.004066152,0.00610139,0.027171751,0.000200368,0.003219625,0.005920978,0.011777579,0.001387514,0.0002173,0.007715507,0.000584715,0.001143654,0.001624023,0.001933205,0.001833026,0.0188293,0.006784564,6.44E-05,5.37E-05,0.000142086,0.000322106,0.015768573,0.000344774,0.008388843,6.89E-05,1.47E-05,0,0.003385092,0.00284431,0.001630815,0.000130173,7.17E-05,0.000610706,0.001205853,0.001335012,0.000555278,0.004120683,0.002462259,0,0.006798385,0.012851031,0.013056806,0.000677141,0.001030288,0.002178411,0.002548327,0.002062358,0.001616442,0.000845295,0.00025659,0.000106762,0.013282516,6.35E-05,0.008678262,0.007370451,0.015034227,0.001172935,0.011977674,0.006839607,0.002531584,0.003161278,0.000186784,0.000880982,0.011280573,0.000330318,0.007124565,0.007507266,0.009249499,0.001747803,0,0.000649196,0.000163015,0.000249172,0.002097613,0.000136053,0.012350484,0.000693996,0.004563023,0.006080941,0.008189633,0.001056353,0.001252321,0.004713352,0.003225741,0.009624399,0,0.009557264,0.00753207,0.004063043,0.009587892,0.003280341,0.009031502,0.000330909,0.000467545,0.011646804,0.008809016,0,0.029282035,0.001200023,0.000109084,0.002426226,0.003833347,0.003898951,0,0.00015641,0.008604432,0,0.004363781,0.002297133,0.000600088,0.001233333,0.020370009,0.003496626,0.005950355,0.000104213,7.06E-05,0.005900792,0.001256218,4.83E-05,0.00780685,0.001284438,0.001272271,0.001720327,0,0.00378099,0,0.002878213,0.002536793,0.003141359,0,0.00345826,0,0.001141691,6.35E-05,0.00016981,0.001121028,0.013888767,0.000112307,0.012009856,0.008953437,0.007958923,0.000618247,0.000106923,0.000358923,0.001727273,0,0.007573389,0.006740683,0.00072242,0.006631853,0.001786707,0.000446946,0.000764776,0.001004737,0.000926749,0.009291607,0.005060861,0,0.062108756,0.005654427,0.011296665,0.000108674,0.000776683,0,0.000590096,0.013760765,0.000435335,0,0.002591282,0.000159918,0.015066798,0,0.007963442,0.007626844,0.003754077,0.000440405,0,0.008965943,0.000895675,0.006442259,0.000379084,0.002512258,0.002244156,0,0.001255717,0.000841891,0.000138006,0.004821331,0.000346354,0.006847168,0.005658087,0.003514236,0.00048244,0.000112453,0.003364058,0,0.000251801,0.001143603,0.017166696,0.001843727,0.003217867,0.00734914,0.000693676,0,4.90E-05,0.00807596,0.016596476,0.009982996,0.019835305,0.003708457,0.001681887,0.00444303,0.000490974,0.005455196,0.000469924,0,0,0.004148241,0.0009507,0.000204124,0.001260953
1997,4.68E-05,0.000499307,0.003015945,0,0.007062245,0.000577043,0.004664749,0.003770914,0.001045764,0.021745106,0.018017155,0.007697782,0.003823262,0.006064491,0.02920683,0.00020482,0.003402953,0.005883076,0.011422772,0.001690009,0.000203311,0.007704773,0.000749753,0.001261124,0.003714269,0.001934489,0.00192486,0.019073512,0.006458226,7.14E-05,5.10E-05,0.000162545,0.000219791,0.016114662,0.000346368,0.008088742,7.05E-05,1.53E-05,0,0.003844657,0.002820568,0.001718221,0.000126898,6.31E-05,0.000810564,0.001215916,0.001366985,0.000527606,0.004220419,0.002238439,0,0.006858453,0.012625119,0.010799296,0.000660964,0.001138723,0.002226896,0.002541017,0.001552261,0.001685403,0.0009866,0.000620886,0.000158328,0.013295494,7.07E-05,0.008519588,0.00689854,0.01500464,0.000957013,0.01168983,0.006334373,0.002562544,0.003087722,0.000181633,0.00097914,0.010969992,0.000358172,0.004443869,0.007847455,0.009363946,0.002032403,0,0.000724897,0.000160331,0.000263133,0.00219595,0.000173783,0.012372442,0.000712587,0.004754617,0.006006255,0.007738449,0.001081323,0.001358891,0.004690722,0.003076062,0.009948545,0,0.010864022,0.007598414,0.004195085,0.009531042,0.003233517,0.008450717,0.000285558,0.00036802,0.010534176,0.009208675,0,0.029402629,0.001160247,0.000143271,0.002504088,0.003443987,0.004349615,0,0.000150687,0.009815796,0,0.004284654,0.002257728,0.000549339,0.001222969,0.018874843,0.003648712,0.005362749,0.000121694,7.36E-05,0.005730598,0.001415819,5.06E-05,0.008463781,0.001276786,0.00123676,0.001740436,0,0.003788668,0,0.002868105,0.002501319,0.001939886,0,0.003287705,0,0.001149914,6.68E-05,0.000172979,0.001086365,0.013854245,0.000122655,0.011422986,0.009056488,0.008214724,0.000649827,0.000102897,0.000348666,0.001772354,0,0.00775015,0.006881078,0.000705453,0.006475223,0.002137922,0.000514216,0.000836558,0.00111107,0.001068702,0.009082775,0.005290599,0,0.06862618,0.005142645,0.01070598,0.000103645,0.000768557,0,0.000578339,0.011399514,0.000370333,0,0.005359239,0.000162096,0.01824033,0,0.007798935,0.008161379,0.003973522,0.000428535,0,0.009073136,0.000913117,0.006681262,0.000407328,0.002520275,0.002082604,0,0.001256531,0.000837019,0.000170791,0.004780655,0.001194624,0.006160123,0.005866269,0.003520022,0.000362063,9.12E-05,0.003447418,0,0.000226798,0.001177378,0.015076716,0.001838872,0.003337891,0.006902702,0.000675945,0,5.12E-05,0.00674379,0.015946531,0.009503509,0.020176872,0.003658631,0.001706141,0.004300556,0.00050313,0.005834873,0.000609416,0,0.000153101,0.004169576,0.000953645,0.00025386,0.001192042
1998,4.31E-05,0.000569277,0.003608586,0,0.007534228,0.000556263,0.00449787,0.003810024,0.0010957,0.0192162,0.018540584,0.007961092,0.00399278,0.00617117,0.030110535,0.00019263,0.004288308,0.005720287,0.011681352,0.001552901,0.000197211,0.007457313,0.000712359,0.001295442,0.004662398,0.002259993,0.001853569,0.019167961,0.006175766,7.42E-05,4.83E-05,0.000186316,0.000214248,0.015831871,0.000365653,0.007792775,7.01E-05,1.48E-05,0,0.003922251,0.002676746,0.001716395,0.000137404,5.35E-05,0.000261459,0.001227859,0.001421478,0.000435323,0.004536293,0.002215871,0,0.007313332,0.012192938,0.010576953,0.000596139,0.001093554,0.002244334,0.002278468,0.001858706,0.001871759,0.000988789,0.000345632,0.000172212,0.012367065,8.09E-05,0.008664309,0.006701008,0.01496296,0.000911386,0.011059353,0.006800016,0.00249618,0.001385317,0.000191575,0.001105665,0.010914875,0.000350631,0.011464433,0.00810429,0.009477986,0.001883876,0,0.000816283,0.000153231,0.000181263,0.002264082,0.000147696,0.012212491,0.000779767,0.005995573,0.00592738,0.00766858,0.001091357,0.00101141,0.005008093,0.003162026,0.010272984,0,0.010513991,0.00776217,0.003805001,0.009170053,0.00316338,0.008298092,0.000337973,0.000407017,0.002886234,0.007860517,0,0.028966858,0.001213925,0.000174727,0.00256456,0.003315516,0.004439639,0,0.000152982,0.009547871,0,0.004556157,0.002153103,0.000262784,0.001194718,0.017320466,0.003751025,0.006336808,0.000120448,7.81E-05,0.005115331,0.001264641,4.85E-05,0.005571935,0.001341671,0.000445275,0.001892876,0,0.003836702,0,0.003079975,0.002425211,0.001716661,0,0.003256602,0,0.001140866,6.55E-05,0.000183798,0.001106663,0.013857001,9.68E-05,0.011170825,0.0088008,0.007879004,0.000696537,0.000105483,0.000340582,0.001823471,0,0.007805613,0.007364889,0.000708689,0.006335385,0.002091909,0.000556068,0.000878812,0.001108765,0.001021736,0.008455331,0.005731656,0,0.059037826,0.004607419,0.010287815,9.24E-05,0.000760688,0,0.000593899,0.010764499,0.000379469,0,0.005581006,0.000150252,0.014588818,0,0.008019479,0.007829321,0.003496946,0.000417021,0,0.008883572,0.000918849,0.006915316,0.000419395,0.002558585,0.00202714,0,0.001529234,0.00081047,0.000144317,0.004764183,0.001179904,0.006208191,0.005895051,0.004125528,0.000414294,7.89E-05,0.003024691,0,0.000259125,0.001134521,0.015075555,0.001928718,0.003327061,0.005926044,0.000875022,0,5.87E-05,0.006553864,0.029575575,0.009474539,0.019753484,0.003547238,0.001737295,0.004888419,0.00047397,0.007146523,0.000633228,0,0.000217222,0.004101755,0.000729809,0.000238986,0.001162447
1999,3.30E-05,0.000973817,0.003060523,0,0.008023443,0.000677678,0.004584655,0.003981503,0.000989534,0.019072613,0.017199792,0.007717385,0.003670215,0.006111916,0.02875023,0.000198347,0.004536359,0.005562439,0.011328398,0.00247383,0.000246804,0.007978862,0.000693286,0.001200286,0.005212188,0.002051864,0.001873188,0.014385611,0.005358431,7.79E-05,4.67E-05,0.000179684,0.00020101,0.01566824,0.000401486,0.007375379,7.27E-05,1.52E-05,0,0.00408529,0.002648649,0.001445225,0.000147252,4.64E-05,0.000268835,0.00164735,0.001441341,0.000385824,0.004499604,0.002283679,0,0.007298309,0.010885102,0.009575089,0.000623558,0.001152436,0.002231026,0.002271036,0.001751065,0.001886826,0.000964038,0.000938576,0.000175069,0.011249044,7.95E-05,0.008253499,0.006671719,0.014889306,0.001031579,0.010729573,0.006152419,0.002465268,0.001191076,0.000203676,0.000975945,0.010043811,0.000350522,0.01185772,0.007960722,0.009674082,0.002026087,0,0.00081364,0.000154684,0.000201897,0.002255856,0.000156688,0.012112539,0.000778539,0.006471438,0.005896196,0.00745293,0.001145517,0.001128128,0.004926563,0.00306418,0.010679342,0,0.010147861,0.007677556,0.003796215,0.009458196,0.0031127,0.007803452,0.000333931,0.000355484,0.003145404,0.008473423,0,0.028706669,0.000937744,0.000172782,0.002577965,0.002821595,0.004498743,0,0.000150145,0.009199061,0,0.003877819,0.002146746,0.00027407,0.001234531,0.01785477,0.003612621,0.005858249,0.000129274,9.13E-05,0.004719954,0.001733838,4.91E-05,0.00604866,0.001267396,0.00046699,0.002099856,0,0.003865598,0.000512929,0.002998499,0.002418975,0.001234735,0,0.003162183,0,0.001165549,6.70E-05,0.000198445,0.00095685,0.013505773,0.000135134,0.010314931,0.009727767,0.008228782,0.000726098,0.000100468,0.000370816,0.001877624,0,0.009197921,0.009213764,0.000710628,0.006216571,0.001955136,0.000470222,0.000860414,0.001152262,0.000964998,0.008203558,0.00635832,0,0.05511407,0.003991444,0.010486373,8.85E-05,0.000795495,0,0.000635552,0.011605813,0.000399347,0,0.006384529,0.000144741,0.012696989,0,0.007388898,0.007627656,0.003463275,0.000414999,0,0.008644088,0.000960687,0.007072657,0.000458717,0.002429626,0.00207562,0,0.001563767,0.000801565,0.000152642,0.004675152,0.001182481,0.005769975,0.005700285,0.004168364,0.0004127,7.64E-05,0.003155769,0,0.000330371,0.001317291,0.017729884,0.001938613,0.003138608,0.007892071,0.00083469,0,5.93E-05,0.006694721,0.027053422,0.009126247,0.019811314,0.003507147,0.002044891,0.004812336,0.000465358,0.007232442,0.000627007,0,0.000227492,0.004011985,0.000807407,0.000181781,0.001276405
2000,3.01E-05,0.002227136,0.004953126,0,0.008113083,0.006425013,0.004438781,0.007667335,0.002108845,0.024738875,0.027970283,0.009406651,0.00834024,0.006036701,0.033022029,0.001051148,0.004441343,0.007537954,0.01302456,0.002759792,0.001406292,0.007967762,0.000699684,0.004940641,0.007505553,0.006041738,0.004828021,0.036441432,0.007421111,8.47E-05,4.72E-05,0.001635815,0.002267075,0.021505417,0.000427724,0.011312551,7.23E-05,2.14E-05,0,0.005463364,0.003846539,0.003379705,0.000149948,0.002468111,0.003143328,0.001645317,0.002550235,0.001705999,0.005862047,0.003955361,0,0.008138667,0.014210172,0.011683744,0.000551105,0.001473705,0.003255269,0.003529425,0.003191338,0.002833654,0.001657208,0.0008738,0.00124028,0.013399644,0.001192959,0.010087454,0.009422219,0.014349584,0.001061631,0.013398749,0.008213429,0.002715862,0.007179402,0.000212033,0.002412145,0.011732616,0.001062358,0.01272477,0.009646412,0.009461121,0.002022734,0,0.003848009,0.000153369,0.000159608,0.002155879,0.000762511,0.014591858,0.001831963,0.006566855,0.007080692,0.010304733,0.001922258,0.002463379,0.007333471,0.003915302,0.016806798,0,0.010675057,0.009186409,0.004702901,0.010238198,0.003648055,0.011966908,0.001241845,0.000392846,0.004256917,0.010255748,0,0.035927629,0.001946137,0.000199314,0.004854561,0.004248677,0.004503861,0,0.000153259,0.012030736,0,0.005781512,0.003507099,0.001218519,0.00231983,0.022197529,0.003787004,0.007075105,0.000121961,8.07E-05,0.007677313,0.001825206,4.80E-05,0.005866464,0.001476786,0.000452349,0.002332672,0,0.005426666,0.000513571,0.004311238,0.003843011,0.002025418,0,0.008941829,0,0.001693109,0.001275375,0.00235942,0.005092272,0.013512499,0.001169831,0.012879595,0.010782765,0.018364544,0.002432877,7.29E-05,0.001735038,0.00193,0,0.013340717,0.015002323,0.001713289,0.006120593,0.003251753,0.000499721,0.004948051,0.002109956,0.001811986,0.010404061,0.007904504,0,0.075884129,0.005558072,0.014539809,8.47E-05,0.000789277,0,0.000624126,0.017181799,0.00151019,0.001709315,0.00696057,0.000152234,0.01372212,0,0.008168759,0.009626995,0.004551602,0.000403724,6.99E-05,0.010152887,0.001756373,0.008849606,0.0011582,0.002318475,0.002115631,0,0.001461484,0.002131883,0.003220977,0.004555806,0.001116819,0.007592197,0.006469912,0.004965105,0.00107398,0.001436025,0.00476069,0,0.001221401,0.001235626,0.029938668,0.00306344,0.00480979,0.013012165,0.000777195,0,6.33E-05,0.008725183,0.045393223,0.011269454,0.022693569,0.005253075,0.009052842,0.006684034,0.000435901,0.00929768,0.001874966,0,0.000266101,0.005561695,0.001284135,0.003943095,0.002351236
2001,2.42E-05,0.001049799,0.002720701,0,0.007898494,0.000676401,0.004354172,0.003765786,0.001155428,0.024218248,0.016734123,0.007912097,0.003629411,0.005957541,0.021676341,0.000245931,0.004553122,0.005275267,0.011156421,0.002764858,0.000258603,0.007925793,0.000704653,0.001041694,0.005528328,0.002428982,0.00192164,0.018535269,0.005872763,7.89E-05,3.33E-05,0.000208944,0.000213302,0.016959428,0.000469604,0.01069876,6.52E-05,2.02E-05,0,0.003461797,0.002742121,0.001392137,0.000152377,3.07E-05,0.000268178,0.001832787,0.001439154,0.000457375,0.004665514,0.002284763,0,0.007120559,0.012168099,0.009156746,0.000513651,0.001636889,0.002318807,0.002390082,0.001867968,0.001821096,0.000996957,0.005761312,0.000165437,0.01171797,6.40E-05,0.008461025,0.006769754,0.014238319,0.001377184,0.010875902,0.006303892,0.003052695,0.00141087,0.000211398,0.000859401,0.010393849,0.000352462,0.012482274,0.008566748,0.009566087,0.002162763,0,0.00092307,0.000153218,0.000156554,0.002064575,0.000178513,0.012115063,0.000900101,0.00565536,0.005597195,0.0073726,0.00116598,0.001337009,0.005384799,0.003422208,0.011323735,0,0.010211106,0.007845726,0.004079781,0.00945557,0.003254253,0.009954577,0.000292092,0.000300047,0.003462324,0.009295691,0,0.027440623,0.000763033,0.000221691,0.002545654,0.002905309,0.004262044,0,0.000170918,0.009580003,0,0.003710933,0.002190403,0.000276121,0.001286267,0.019434415,0.003831374,0.005951378,0.000109919,7.86E-05,0.005704942,0.00207249,4.69E-05,0.006325824,0.001547525,0.000471793,0.002472414,0,0.003884403,0.000512676,0.003089249,0.002474193,0.001022914,0,0.003238448,0,0.001294752,8.46E-05,0.000162137,0.001077527,0.013870794,0.000138282,0.010424529,0.009752839,0.008813841,0.00074499,6.71E-05,0.000657836,0.001980022,0,0.009105341,0.00896972,0.000733833,0.009450057,0.002326082,0.000585408,0.000700599,0.00103572,0.000977209,0.0079169,0.006107392,0,0.049499859,0.004322792,0.010581769,8.15E-05,0.000805049,0,0.000639162,0.014304643,0.000443775,0,0.007902823,0.000199375,0.010334595,0,0.007317138,0.007604607,0.003461617,0.000410128,6.61E-05,0.008077164,0.000982991,0.007314107,0.000541471,0.003976275,0.002299176,0,0.001663932,0.000809589,0.000181976,0.004786771,0.001064201,0.005748705,0.005947494,0.003701558,0.000367725,8.96E-05,0.003397343,0,0.000235974,0.001415025,0.019294018,0.002151997,0.003013995,0.008717684,0.000707642,0,6.53E-05,0.00660693,0.032175205,0.009314353,0.018906592,0.003582784,0.001538467,0.004887963,0.000444968,0.006966486,0.000783903,0,0.000435023,0.00410619,0.000889748,0.000182476,0.000999056
2002,1.31E-05,0.001214113,0.002889575,0,0.007701215,0.000850599,0.004509335,0.003489544,0.00098112,0.023840384,0.017372691,0.008055603,0.003671984,0.006811148,0.024449713,0.000250991,0.004569887,0.005278633,0.010406572,0.001355075,0.000295982,0.008356669,0.000847128,0.000965239,0.00607657,0.002480357,0.001869526,0.015576846,0.005672223,7.72E-05,3.31E-05,0.000222671,0.00020829,0.016639004,0.000542671,0.010403529,6.42E-05,1.91E-05,0,0.003552466,0.002885225,0.001355013,0.000154551,2.94E-05,0.000215186,0.001602097,0.001549172,0.000424101,0.004927325,0.002334648,0,0.007166539,0.011778049,0.009656976,0.000522294,0.001481595,0.002426386,0.002499039,0.001933822,0.001812529,0.001008569,0.008981828,0.000152254,0.011387168,6.49E-05,0.008402933,0.006792994,0.014216812,0.001051133,0.011744335,0.006171683,0.003053339,0.00137811,0.000229182,0.00077767,0.01007065,0.000368626,0.012315481,0.008525095,0.009523834,0.002122065,0,0.000946866,0.00015384,0.00016209,0.002096817,0.000204378,0.012121633,0.000940311,0.005479213,0.005515693,0.007537722,0.001169887,0.001385708,0.005582431,0.003411545,0.011052442,0,0.009611224,0.007860478,0.00393529,0.009547349,0.003351833,0.01022588,0.000241995,0.000294548,0.003289563,0.009776665,0,0.025474628,0.000970875,0.000240833,0.0025258,0.00284514,0.004146166,0,0.000167679,0.008763482,0,0.003808571,0.002221503,0.00026682,0.001299649,0.021122183,0.00339392,0.005407327,7.56E-05,7.47E-05,0.00551202,0.002442363,4.61E-05,0.005806538,0.001619886,0.000504153,0.002463461,0,0.003807516,0.000510591,0.003105511,0.002514244,0.001100183,0,0.003370441,0,0.001298779,8.27E-05,0.000179212,0.001122357,0.013855623,0.000106011,0.010673381,0.010960107,0.008519959,0.000730629,6.95E-05,0.000755784,0.002027087,0,0.008247922,0.011092366,0.000758501,0.009367496,0.001900933,0.000620675,0.00070049,0.001022871,0.000943282,0.007766906,0.006444587,0,0.04932628,0.004227545,0.010579482,7.93E-05,0.000801247,0,0.000729571,0.015070477,0.000453656,0,0.006484062,0.000264515,0.010071956,0,0.007297111,0.007723872,0.003489949,0.000398857,7.34E-05,0.007635877,0.000988261,0.007613068,0.000575326,0.004239306,0.002050882,0,0.001729237,0.000795378,0.000226678,0.004689415,0.001039705,0.006434919,0.005596625,0.003300597,0.000299273,0.000100188,0.003567845,0.000181678,0.000243938,0.001443803,0.020659655,0.002148415,0.003142711,0.008928964,0.00429652,0,6.61E-05,0.006611365,0.02590128,0.008966458,0.018894165,0.003657207,0.001396519,0.005021996,0.000433507,0.007663041,0.000897033,0,0.000362084,0.004088472,0.000837117,0.000184148,0.000946432
2003,2.06E-05,0.001381012,0.0028995,0,0.007414955,0.000587864,0.004756743,0.00374591,0.001120269,0.023279535,0.017414905,0.008908437,0.003784554,0.006028897,0.025447177,0.000247771,0.004709851,0.005440725,0.0110673,0.001366584,0.000323966,0.008085549,0.000745813,0.001306923,0.006149931,0.002330287,0.001787963,0.015361045,0.006047292,8.05E-05,2.41E-05,0.000240165,0.000226137,0.017473123,0.000550013,0.010046575,6.03E-05,4.17E-05,0,0.003534473,0.003512245,0.001375963,0.000162504,3.14E-05,0.000322549,0.001765527,0.001592685,0.000312805,0.005302284,0.002273874,0,0.007762856,0.011989267,0.0103853,0.000522083,0.001642731,0.002392515,0.002957393,0.002042149,0.002222148,0.001090606,0.010520205,0.000175146,0.012969093,6.99E-05,0.008544141,0.007059388,0.014213178,0.002027903,0.013214717,0.006236447,0.003307368,0.001013134,0.000222428,0.000871663,0.010124156,0.000368819,0.012520204,0.008684893,0.009431551,0.002224708,0,0.000882002,0.000153491,0.000189654,0.002053926,0.00019112,0.012258996,0.0010242,0.005952582,0.005825466,0.007485457,0.001204355,0.001405909,0.006057996,0.003473215,0.010683012,0,0.009734705,0.008130407,0.0040836,0.009687296,0.003382957,0.010316975,0.000199809,0.000289143,0.003337086,0.009732158,0,0.02898894,0.001047278,0.000243064,0.002527098,0.003048288,0.004630082,0,0.000175055,0.008873233,0,0.003738971,0.002421462,0.000267983,0.001349875,0.021963189,0.003344113,0.005576942,0.000104289,7.88E-05,0.006395254,0.002085085,4.35E-05,0.006476881,0.001622192,0.000503862,0.002572995,0,0.003869666,0.000507778,0.00337135,0.002747276,0.00118753,0,0.003232927,0,0.001261696,9.72E-05,0.000209652,0.001175869,0.014194839,0.000112913,0.010788124,0.012183534,0.008371672,0.000778019,7.26E-05,0.000699934,0.002074095,0,0.009337692,0.013994763,0.000776383,0.009680374,0.001968676,0.000683728,0.000717151,0.000980089,0.000926486,0.00797957,0.005868703,0,0.055007806,0.004412642,0.010961303,7.70E-05,0.000839266,0,0.00074312,0.014492077,0.000486775,0,0.006731691,0.000258937,0.008421588,0,0.007341352,0.007759554,0.003344423,0.000404378,7.21E-05,0.00825758,0.001014809,0.007644352,0.000550338,0.00471034,0.002237368,0,0.001793667,0.000811076,0.000247579,0.004602582,0.000956558,0.006116717,0.005483294,0.004007468,0.000327539,0.000103466,0.003758196,0.000173246,0.000282991,0.001766183,0.021206334,0.00217453,0.003293806,0.009286017,0.004006868,0,6.46E-05,0.007367447,0.031275003,0.009076226,0.018846932,0.004073331,0.001391967,0.004798365,0.00044011,0.0074824,0.000987198,0,0.000383799,0.004233658,0.000891083,0.000192096,0.000842544
2004,2.42E-05,0.001281453,0.002762471,0,0.007500372,0.001177717,0.004913651,0.004042704,0.00119016,0.022806292,0.01735063,0.008822206,0.003884025,0.006384706,0.025716382,0.000286624,0.004795204,0.005926117,0.010678532,0.001349498,0.000324172,0.010597931,0.00073066,0.00118302,0.00651483,0.002363836,0.001855444,0.015061833,0.006012888,8.00E-05,2.29E-05,0.000265145,0.000230506,0.017373523,0.000565624,0.009847135,5.94E-05,3.99E-05,0,0.003870167,0.004080139,0.001268656,0.000164052,4.09E-05,0.000552322,0.002883617,0.001636279,0.000432219,0.005191957,0.002134928,0,0.007219883,0.012011416,0.009345418,0.000577489,0.00159234,0.002190569,0.00338372,0.002169573,0.002204429,0.00104132,0.007933434,0.000178325,0.013224592,7.16E-05,0.008540462,0.007142038,0.01408177,0.00230558,0.0128096,0.006232062,0.003133291,0.001102143,0.00022095,0.000909468,0.010040713,0.000344651,0.012735734,0.00878254,0.008762862,0.002111688,0,0.000903391,0.000150981,0.000191443,0.001967256,0.000215738,0.012370885,0.00109252,0.005663078,0.005670398,0.007646018,0.00124717,0.001485859,0.006422556,0.00367848,0.010616498,0,0.009281942,0.008087466,0.004061625,0.009859492,0.003637193,0.011467295,0.000219689,0.000283955,0.003387068,0.01003927,0,0.03175632,0.001100935,0.000246535,0.00252624,0.003083819,0.00421086,0,0.000202753,0.008901536,0,0.003878773,0.002594118,0.000279985,0.001391997,0.024158757,0.003673809,0.005504904,0.000111544,7.82E-05,0.006566522,0.002583388,4.42E-05,0.006415249,0.001693504,0.000544262,0.002589584,0,0.003857436,0.000504976,0.003452129,0.002947801,0.001263734,0,0.003400904,0,0.001349306,9.49E-05,0.000248976,0.001222131,0.01416812,0.000103623,0.010865116,0.011093381,0.008206903,0.000772287,7.01E-05,0.000711492,0.002122106,0,0.009291459,0.013270568,0.000844473,0.009629046,0.001821994,0.000753358,0.000706553,0.001170822,0.000941164,0.007991636,0.006015545,0,0.06261342,0.004398393,0.011143328,7.65E-05,0.000857067,0,0.000756279,0.014905729,0.000499038,0,0.00937863,0.000215482,0.009784651,0,0.007199189,0.007870187,0.003489581,0.000393249,7.05E-05,0.008875339,0.001057954,0.0079507,0.000610151,0.004683559,0.002189806,0,0.001790165,0.000865363,0.000276709,0.00463174,0.000940611,0.006061646,0.005473022,0.003750138,0.000349423,0.000115191,0.004053272,0.00018071,0.000264193,0.001718575,0.024076,0.002259847,0.003352476,0.008439898,0.003642155,0,6.66E-05,0.007230972,0.030857381,0.009115395,0.018986097,0.004436468,0.001699263,0.00461147,0.000428136,0.006440794,0.001248544,0,0.000540621,0.004403078,0.000942838,0.000188389,0.000787956
2005,2.34E-05,0.002560502,0.005054785,0,0.007391626,0.006273611,0.004894228,0.008028862,0.002573771,0.022511189,0.027303355,0.010609135,0.008786156,0.006602387,0.029584092,0.001077277,0.005002248,0.008410792,0.011809835,0.001357217,0.001250944,0.006979818,0.001034535,0.00609347,0.007820477,0.006454472,0.005796721,0.031686415,0.008140035,7.93E-05,2.28E-05,0.002225786,0.001785483,0.021425631,0.000620365,0.009892229,5.84E-05,4.08E-05,0,0.005526415,0.005822054,0.003219597,0.000171096,0.001975898,0.00304427,0.003213019,0.002518935,0.00145308,0.006713297,0.003593783,0,0.00814545,0.013785976,0.011279999,0.000585183,0.001649285,0.003032929,0.005034382,0.00379819,0.00324289,0.001796682,0.007753485,0.000985678,0.015230369,0.001188224,0.010094772,0.010083496,0.014133657,0.0019883,0.013623826,0.008224222,0.00335234,0.007649746,0.000214604,0.002559662,0.011322237,0.00096562,0.01352368,0.010081246,0.011077966,0.002284424,0,0.002031791,0.000150469,0.000193043,0.002029483,0.000804495,0.014482917,0.002278728,0.006427418,0.007198152,0.010188138,0.002017236,0.002941143,0.008605732,0.004235908,0.015872546,0,0.009310233,0.009227733,0.004538845,0.010258385,0.004340604,0.015973221,0.001157783,0.000279047,0.004425699,0.010564103,0,0.040744412,0.001999832,0.000247936,0.005215919,0.005014892,0.004741256,0,0.000232749,0.011796089,0,0.006434051,0.004120711,0.001184634,0.002457057,0.027630747,0.00381638,0.006500628,9.53E-05,7.15E-05,0.009388172,0.002297775,4.31E-05,0.007279947,0.001620789,0.000543928,0.002743054,0,0.005666483,0.000502701,0.004752168,0.004573931,0.002535628,0,0.00720883,0.003282366,0.001948177,0.001163509,0.002648606,0.005534878,0.014140103,0.001095658,0.012750256,0.011952524,0.017885,0.002457983,6.35E-05,0.001830349,0.00217497,0,0.0138368,0.021841256,0.001896524,0.009763438,0.003228622,0.00075681,0.004796185,0.002255727,0.001705569,0.010585176,0.007909481,0,0.082585798,0.006047254,0.015749954,7.49E-05,0.000874854,0,0.000840934,0.017540251,0.001570255,0.007919885,0.008404463,0.000244778,0.012561935,0,0.008620615,0.010259856,0.004409666,0.000382463,6.93E-05,0.010509494,0.001845509,0.00959326,0.001204928,0.0047727,0.002225243,0,0.001820771,0.0020786,0.00335606,0.004766496,0.000922633,0.007616,0.006526343,0.004455872,0.001172787,0.001513134,0.005708152,0.00017421,0.001103126,0.001707677,0.031359601,0.003323034,0.004907321,0.015590187,0.003963545,0,8.23E-05,0.009244953,0.034423207,0.010607462,0.021844529,0.006615802,0.009795535,0.0060841,0.000260477,0.008868626,0.002549856,0,0.000767314,0.006068739,0.001451462,0.004067282,0.00210222
2006,2.27E-05,0.001340591,0.003213461,0,0.006840561,0.001308968,0.005007204,0.004497975,0.001426261,0.022135312,0.018232863,0.008708347,0.00463402,0.006596993,0.024878711,0.000327665,0.005059573,0.006350607,0.010126703,0.00135055,0.000473765,0.008161661,0.000625044,0.00112453,0.007264011,0.002345763,0.001875639,0.01302156,0.006357101,9.30E-05,2.65E-05,0.000301426,0.00023761,0.016806157,0.00064405,0.009967642,6.10E-05,4.04E-05,0,0.003989268,0.004892727,0.001408844,0.000183195,4.16E-05,0.000403227,0.003357546,0.001697166,0.000389592,0.005219694,0.002411762,0,0.007430045,0.011956785,0.010008379,0.000592111,0.00160131,0.002214648,0.003928189,0.00218788,0.002481256,0.001067896,0.00759445,0.000120764,0.012612292,7.89E-05,0.008336832,0.007465501,0.014221681,0.001890969,0.012546964,0.00602612,0.003182284,0.001275531,0.00021804,0.001249848,0.009855743,0.000421769,0.013420289,0.008726363,0.010205129,0.002384474,0,0.000942709,0.000147845,0.000197081,0.002038526,0.000223599,0.012195051,0.001041404,0.005622616,0.005682167,0.007351334,0.001355514,0.001470669,0.006975563,0.00354707,0.010119593,0,0.00932541,0.007944633,0.004538482,0.00964159,0.003744486,0.012550326,0.000262022,0.00031364,0.003560523,0.009748448,0,0.030598347,0.000995834,0.000259885,0.002605362,0.003317685,0.003667486,0,0.000229069,0.009124977,0,0.004211438,0.002831227,0.00029739,0.001424489,0.023935272,0.003308178,0.005339618,9.21E-05,7.23E-05,0.006748553,0.002902551,4.18E-05,0.006334113,0.00175589,0.000534241,0.003014405,0,0.004095631,0.000501006,0.00367771,0.003226185,0.001392951,0,0.003654026,0.003941414,0.001432899,9.30E-05,0.000279557,0.001346575,0.014113589,0.000119494,0.010206787,0.011656452,0.008018222,0.000771645,6.08E-05,0.000643405,0.002231893,0,0.009495836,0.015625776,0.000903052,0.010261956,0.002071366,0.000735759,0.000663388,0.001268418,0.000776324,0.008374404,0.00558451,0,0.058490677,0.004724979,0.011716515,7.30E-05,0.000872293,0,0.000828193,0.01546001,0.000428764,0.006605635,0.008799066,0.000232657,0.010875029,0,0.007220538,0.008087299,0.003750769,0.000372014,6.74E-05,0.008499927,0.00114774,0.007934392,0.00058527,0.00471157,0.002197941,0,0.001851714,0.000824569,0.00029676,0.004829654,0.000908872,0.005457792,0.005595605,0.003617045,0.000370936,0.000134745,0.004221201,0.00017301,0.000220819,0.001696616,0.02611355,0.00228357,0.003787393,0.009136482,0.004388248,0,9.21E-05,0.007006039,0.026326396,0.008965554,0.018469206,0.004978318,0.002005835,0.004354993,0.000219925,0.005682215,0.001005077,0,0.000612289,0.004612259,0.000976692,0.000194427,0.00082561
2007,2.26E-05,0.001413737,0.003325072,0,0.006623037,0.001435174,0.005077943,0.004666922,0.001644924,0.022622989,0.018071623,0.008289284,0.004921924,0.006534256,0.023204624,0.000326002,0.004968213,0.006210693,0.009649183,0.00136556,0.000478231,0.008078859,0.00084142,0.00137946,0.007670647,0.002406567,0.001940844,0.025323284,0.006894747,0.00010932,2.38E-05,0.000324856,0.000336125,0.016502056,0.000645301,0.009858428,6.08E-05,4.45E-05,0,0.004214351,0.005153564,0.001430344,0.000178324,4.20E-05,0.0004266,0.003323398,0.001823367,0.000342378,0.00549306,0.002381713,0,0.007709818,0.011993679,0.009099286,0.000580987,0.002196963,0.002241297,0.004132676,0.002230958,0.002589248,0.001131199,0.007448622,0.000120742,0.014871106,8.44E-05,0.008188403,0.007615263,0.014344272,0.001747305,0.012086695,0.005864104,0.003213159,0.001388355,0.000248867,0.001373746,0.009569344,0.0004243,0.013893945,0.008774711,0.011282079,0.002376838,0,0.000967612,0.000148266,0.000200834,0.002033778,0.000249595,0.012160105,0.001262148,0.005770076,0.005553862,0.00750899,0.001433501,0.001585714,0.007088166,0.0034307,0.010193193,0,0.0051276,0.007736823,0.005192564,0.009792443,0.00379653,0.014686053,0.000262269,0.000347243,0.002945226,0.010281615,0,0.029823556,0.001234289,0.000259041,0.002691532,0.003483175,0.00374959,0,0.000195098,0.008999079,0,0.004484327,0.002937485,0.000280294,0.001498016,0.022590577,0.003081762,0.00553115,9.51E-05,7.02E-05,0.007205588,0.002959801,4.13E-05,0.006660753,0.001886353,0.000607234,0.003083243,0,0.004118816,0.000566245,0.003738807,0.003355652,0.001310191,0,0.004023976,0.003129986,0.001492403,0.000118023,0.000278098,0.001385963,0.0140844,0.00012058,0.010529782,0.011769497,0.007789654,0.000810692,6.26E-05,0.000602959,0.002294743,0,0.009539808,0.015763656,0.000978331,0.010571926,0.001985254,0.000486731,0.000675956,0.001544859,0.000886383,0.008268617,0.005678001,0,0.057660247,0.004567822,0.011735226,7.36E-05,0.000890063,0,0.000815609,0.01557084,0.000468175,0.006612601,0.007331154,0.000239634,0.007848496,0,0.006779848,0.00802403,0.003547162,0.000398836,7.22E-05,0.008980173,0.001213724,0.007982286,0.00060742,0.004942146,0.002287273,0,0.001849303,0.000846713,0.000313988,0.004780206,0.000938591,0.005251919,0.005034945,0.003683874,0.000491382,0.000147062,0.004160857,0.000172846,0.000232885,0.001721361,0.027938057,0.002334305,0.004066967,0.009439868,0.004583217,0,0.000105635,0.007070762,0.025526007,0.008684215,0.01850765,0.005177209,0.001804868,0.0043115,0.00036278,0.005951153,0.001333287,0,0.000606672,0.004636796,0.001001337,0.00014266,0.00077064
2008,2.50E-05,0.001312855,0.00323296,0,0.006527835,0.001351088,0.005149273,0.004844053,0.001801888,0.021683831,0.018569619,0.008123597,0.005379109,0.006462236,0.021360306,0.00031982,0.004971427,0.00654194,0.009792729,0.001320621,0.000486682,0.006054548,0.001045678,0.00133436,0.008286827,0.002476154,0.002052903,0.027538603,0.006629408,0.000119592,2.26E-05,0.000332938,0.000282667,0.016333481,0.00063202,0.010080188,6.14E-05,4.65E-05,0,0.004352867,0.005308489,0.001504255,0.000178869,4.51E-05,0.000504694,0.003480344,0.001772632,0.000369462,0.005255703,0.002788597,0,0.007943457,0.011223318,0.008377811,0.000612855,0.001883024,0.002236635,0.00426969,0.001908274,0.00268529,0.000997269,0.007269477,8.38E-05,0.013643125,8.95E-05,0.007991142,0.007737926,0.014563265,0.001486532,0.010635779,0.005873133,0.003368404,0.001704158,0.000251025,0.001187005,0.009580545,0.000369314,0.014399051,0.008704524,0.010220832,0.002368703,0,0.000870223,0.000145773,0.000194227,0.002029692,0.000250083,0.011940689,0.001187561,0.005528064,0.005443044,0.007024063,0.001528729,0.00172814,0.007447903,0.00341094,0.009852558,0,0.005153207,0.007439455,0.004541447,0.009460647,0.003694881,0.015117661,0.000270242,0.000303899,0.003248365,0.010475246,0,0.030114759,0.001176269,0.000254534,0.002781351,0.00334968,0.004103568,0,0.000166387,0.009485296,0,0.004505516,0.003017899,0.000286805,0.0015655,0.021492455,0.00257451,0.005756363,9.77E-05,8.77E-05,0.007572802,0.002991942,4.11E-05,0.006213293,0.001872334,0.000606483,0.00311543,0,0.004301237,0.000564834,0.00384419,0.003451785,0.001337336,0,0.00408426,0.003100589,0.001529485,0.000103608,0.000270386,0.001803151,0.014048428,0.000122549,0.010565128,0.012768095,0.007752507,0.000768462,5.89E-05,0.000635555,0.002358199,0,0.010484477,0.017349311,0.000974532,0.010514435,0.002029156,0.000321948,0.000660976,0.001424113,0.000922188,0.008290092,0.005301098,0,0.049050584,0.0044,0.012037008,7.04E-05,0.000887459,0,0.000802899,0.016569065,0.000422166,0.006793475,0.00784376,0.00023784,0.006673404,0,0.006946553,0.008488476,0.003730938,0.000388102,7.27E-05,0.008933203,0.001282841,0.007228195,0.000574575,0.004879574,0.002326824,0,0.001847304,0.000842532,0.000339295,0.004734452,0.000949947,0.005320144,0.005281606,0.003645941,0.000470197,0.000152952,0.004185456,0.0001766,0.000245658,0.001710388,0.03739346,0.002421614,0.004004017,0.009726684,0.0043849,0,0.000119583,0.006994048,0.024984026,0.008516461,0.017941729,0.005316883,0.002497789,0.004572993,0.000402011,0.006068829,0.001496485,0,0.000521554,0,0.001033494,0.00015255,0.000728892
